id,actor,name,category,source_requirement,loop,acceptance,status
ANM-001,CHR-IVO,IVO_idle_neutral,Locomotion,Authored motion/pose with named contact events; approve from actual gameplay camera.,True,"Contact, silhouette and interruption reviewed; motor remains responsive; no unexplained input lock.",Backlog
ANM-002,CHR-IVO,IVO_idle_attentive,Locomotion,Authored motion/pose with named contact events; approve from actual gameplay camera.,True,"Contact, silhouette and interruption reviewed; motor remains responsive; no unexplained input lock.",Backlog
ANM-003,CHR-IVO,IVO_walk_loop,Locomotion,Authored motion/pose with named contact events; approve from actual gameplay camera.,True,"Contact, silhouette and interruption reviewed; motor remains responsive; no unexplained input lock.",Backlog
ANM-004,CHR-IVO,IVO_run_loop,Locomotion,Authored motion/pose with named contact events; approve from actual gameplay camera.,True,"Contact, silhouette and interruption reviewed; motor remains responsive; no unexplained input lock.",Backlog
ANM-005,CHR-IVO,IVO_run_start,Locomotion,Authored motion/pose with named contact events; approve from actual gameplay camera.,False,"Contact, silhouette and interruption reviewed; motor remains responsive; no unexplained input lock.",Backlog
ANM-006,CHR-IVO,IVO_run_stop,Locomotion,Authored motion/pose with named contact events; approve from actual gameplay camera.,False,"Contact, silhouette and interruption reviewed; motor remains responsive; no unexplained input lock.",Backlog
ANM-007,CHR-IVO,IVO_turn_idle,Locomotion,Authored motion/pose with named contact events; approve from actual gameplay camera.,True,"Contact, silhouette and interruption reviewed; motor remains responsive; no unexplained input lock.",Backlog
ANM-008,CHR-IVO,IVO_turn_run,Locomotion,Authored motion/pose with named contact events; approve from actual gameplay camera.,False,"Contact, silhouette and interruption reviewed; motor remains responsive; no unexplained input lock.",Backlog
ANM-009,CHR-IVO,IVO_crouch_enter,Locomotion,Authored motion/pose with named contact events; approve from actual gameplay camera.,False,"Contact, silhouette and interruption reviewed; motor remains responsive; no unexplained input lock.",Backlog
ANM-010,CHR-IVO,IVO_crouch_idle,Locomotion,Authored motion/pose with named contact events; approve from actual gameplay camera.,True,"Contact, silhouette and interruption reviewed; motor remains responsive; no unexplained input lock.",Backlog
ANM-011,CHR-IVO,IVO_crouch_walk,Locomotion,Authored motion/pose with named contact events; approve from actual gameplay camera.,False,"Contact, silhouette and interruption reviewed; motor remains responsive; no unexplained input lock.",Backlog
ANM-012,CHR-IVO,IVO_crouch_exit,Locomotion,Authored motion/pose with named contact events; approve from actual gameplay camera.,False,"Contact, silhouette and interruption reviewed; motor remains responsive; no unexplained input lock.",Backlog
ANM-013,CHR-IVO,IVO_jump_stand_takeoff,Locomotion,Authored motion/pose with named contact events; approve from actual gameplay camera.,False,"Contact, silhouette and interruption reviewed; motor remains responsive; no unexplained input lock.",Backlog
ANM-014,CHR-IVO,IVO_jump_run_takeoff,Locomotion,Authored motion/pose with named contact events; approve from actual gameplay camera.,False,"Contact, silhouette and interruption reviewed; motor remains responsive; no unexplained input lock.",Backlog
ANM-015,CHR-IVO,IVO_jump_air_up,Locomotion,Authored motion/pose with named contact events; approve from actual gameplay camera.,False,"Contact, silhouette and interruption reviewed; motor remains responsive; no unexplained input lock.",Backlog
ANM-016,CHR-IVO,IVO_jump_air_down,Locomotion,Authored motion/pose with named contact events; approve from actual gameplay camera.,False,"Contact, silhouette and interruption reviewed; motor remains responsive; no unexplained input lock.",Backlog
ANM-017,CHR-IVO,IVO_land_soft,Locomotion,Authored motion/pose with named contact events; approve from actual gameplay camera.,False,"Contact, silhouette and interruption reviewed; motor remains responsive; no unexplained input lock.",Backlog
ANM-018,CHR-IVO,IVO_land_hard,Locomotion,Authored motion/pose with named contact events; approve from actual gameplay camera.,False,"Contact, silhouette and interruption reviewed; motor remains responsive; no unexplained input lock.",Backlog
ANM-019,CHR-IVO,IVO_stumble_recover,Locomotion,Authored motion/pose with named contact events; approve from actual gameplay camera.,False,"Contact, silhouette and interruption reviewed; motor remains responsive; no unexplained input lock.",Backlog
ANM-020,CHR-IVO,IVO_step_up,Locomotion,Authored motion/pose with named contact events; approve from actual gameplay camera.,False,"Contact, silhouette and interruption reviewed; motor remains responsive; no unexplained input lock.",Backlog
ANM-021,CHR-IVO,IVO_slope_up,Locomotion,Authored motion/pose with named contact events; approve from actual gameplay camera.,False,"Contact, silhouette and interruption reviewed; motor remains responsive; no unexplained input lock.",Backlog
ANM-022,CHR-IVO,IVO_slope_down,Locomotion,Authored motion/pose with named contact events; approve from actual gameplay camera.,False,"Contact, silhouette and interruption reviewed; motor remains responsive; no unexplained input lock.",Backlog
ANM-023,CHR-IVO,IVO_slip_catch,Locomotion,Authored motion/pose with named contact events; approve from actual gameplay camera.,False,"Contact, silhouette and interruption reviewed; motor remains responsive; no unexplained input lock.",Backlog
ANM-024,CHR-IVO,IVO_balance_edge,Locomotion,Authored motion/pose with named contact events; approve from actual gameplay camera.,False,"Contact, silhouette and interruption reviewed; motor remains responsive; no unexplained input lock.",Backlog
ANM-025,CHR-IVO,IVO_reach_low,Hands and traversal,Authored motion/pose with named contact events; approve from actual gameplay camera.,False,"Contact, silhouette and interruption reviewed; motor remains responsive; no unexplained input lock.",Backlog
ANM-026,CHR-IVO,IVO_reach_mid,Hands and traversal,Authored motion/pose with named contact events; approve from actual gameplay camera.,False,"Contact, silhouette and interruption reviewed; motor remains responsive; no unexplained input lock.",Backlog
ANM-027,CHR-IVO,IVO_reach_high,Hands and traversal,Authored motion/pose with named contact events; approve from actual gameplay camera.,False,"Contact, silhouette and interruption reviewed; motor remains responsive; no unexplained input lock.",Backlog
ANM-028,CHR-IVO,IVO_push_enter,Hands and traversal,Authored motion/pose with named contact events; approve from actual gameplay camera.,False,"Contact, silhouette and interruption reviewed; motor remains responsive; no unexplained input lock.",Backlog
ANM-029,CHR-IVO,IVO_push_loop,Hands and traversal,Authored motion/pose with named contact events; approve from actual gameplay camera.,True,"Contact, silhouette and interruption reviewed; motor remains responsive; no unexplained input lock.",Backlog
ANM-030,CHR-IVO,IVO_push_stop,Hands and traversal,Authored motion/pose with named contact events; approve from actual gameplay camera.,False,"Contact, silhouette and interruption reviewed; motor remains responsive; no unexplained input lock.",Backlog
ANM-031,CHR-IVO,IVO_pull_loop,Hands and traversal,Authored motion/pose with named contact events; approve from actual gameplay camera.,True,"Contact, silhouette and interruption reviewed; motor remains responsive; no unexplained input lock.",Backlog
ANM-032,CHR-IVO,IVO_lift_denied,Hands and traversal,Authored motion/pose with named contact events; approve from actual gameplay camera.,False,"Contact, silhouette and interruption reviewed; motor remains responsive; no unexplained input lock.",Backlog
ANM-033,CHR-IVO,IVO_grip_denied,Hands and traversal,Authored motion/pose with named contact events; approve from actual gameplay camera.,False,"Contact, silhouette and interruption reviewed; motor remains responsive; no unexplained input lock.",Backlog
ANM-034,CHR-IVO,IVO_ladder_mount,Hands and traversal,Authored motion/pose with named contact events; approve from actual gameplay camera.,False,"Contact, silhouette and interruption reviewed; motor remains responsive; no unexplained input lock.",Backlog
ANM-035,CHR-IVO,IVO_ladder_up,Hands and traversal,Authored motion/pose with named contact events; approve from actual gameplay camera.,False,"Contact, silhouette and interruption reviewed; motor remains responsive; no unexplained input lock.",Backlog
ANM-036,CHR-IVO,IVO_ladder_down,Hands and traversal,Authored motion/pose with named contact events; approve from actual gameplay camera.,False,"Contact, silhouette and interruption reviewed; motor remains responsive; no unexplained input lock.",Backlog
ANM-037,CHR-IVO,IVO_ladder_exit,Hands and traversal,Authored motion/pose with named contact events; approve from actual gameplay camera.,False,"Contact, silhouette and interruption reviewed; motor remains responsive; no unexplained input lock.",Backlog
ANM-038,CHR-IVO,IVO_ledge_catch,Hands and traversal,Authored motion/pose with named contact events; approve from actual gameplay camera.,False,"Contact, silhouette and interruption reviewed; motor remains responsive; no unexplained input lock.",Backlog
ANM-039,CHR-IVO,IVO_ledge_hang,Hands and traversal,Authored motion/pose with named contact events; approve from actual gameplay camera.,False,"Contact, silhouette and interruption reviewed; motor remains responsive; no unexplained input lock.",Backlog
ANM-040,CHR-IVO,IVO_ledge_climb,Hands and traversal,Authored motion/pose with named contact events; approve from actual gameplay camera.,False,"Contact, silhouette and interruption reviewed; motor remains responsive; no unexplained input lock.",Backlog
ANM-041,CHR-IVO,IVO_ledge_drop,Hands and traversal,Authored motion/pose with named contact events; approve from actual gameplay camera.,False,"Contact, silhouette and interruption reviewed; motor remains responsive; no unexplained input lock.",Backlog
ANM-042,CHR-IVO,IVO_crawl_enter,Hands and traversal,Authored motion/pose with named contact events; approve from actual gameplay camera.,False,"Contact, silhouette and interruption reviewed; motor remains responsive; no unexplained input lock.",Backlog
ANM-043,CHR-IVO,IVO_crawl_loop,Hands and traversal,Authored motion/pose with named contact events; approve from actual gameplay camera.,True,"Contact, silhouette and interruption reviewed; motor remains responsive; no unexplained input lock.",Backlog
ANM-044,CHR-IVO,IVO_crawl_exit,Hands and traversal,Authored motion/pose with named contact events; approve from actual gameplay camera.,False,"Contact, silhouette and interruption reviewed; motor remains responsive; no unexplained input lock.",Backlog
ANM-045,CHR-IVO,IVO_one_hand_latch,Hands and traversal,Authored motion/pose with named contact events; approve from actual gameplay camera.,False,"Contact, silhouette and interruption reviewed; motor remains responsive; no unexplained input lock.",Backlog
ANM-046,CHR-IVO,IVO_wheel_crank,Hands and traversal,Authored motion/pose with named contact events; approve from actual gameplay camera.,False,"Contact, silhouette and interruption reviewed; motor remains responsive; no unexplained input lock.",Backlog
ANM-047,CHR-IVO,IVO_cover_remove,Hands and traversal,Authored motion/pose with named contact events; approve from actual gameplay camera.,False,"Contact, silhouette and interruption reviewed; motor remains responsive; no unexplained input lock.",Backlog
ANM-048,CHR-IVO,IVO_chair_slide,Hands and traversal,Authored motion/pose with named contact events; approve from actual gameplay camera.,False,"Contact, silhouette and interruption reviewed; motor remains responsive; no unexplained input lock.",Backlog
ANM-049,CHR-IVO,IVO_brace_pickup,Hold and load,Authored motion/pose with named contact events; approve from actual gameplay camera.,False,"Contact, silhouette and interruption reviewed; motor remains responsive; no unexplained input lock.",Backlog
ANM-050,CHR-IVO,IVO_hold_acquire,Hold and load,Authored motion/pose with named contact events; approve from actual gameplay camera.,False,"Contact, silhouette and interruption reviewed; motor remains responsive; no unexplained input lock.",Backlog
ANM-051,CHR-IVO,IVO_hold_idle,Hold and load,Authored motion/pose with named contact events; approve from actual gameplay camera.,True,"Contact, silhouette and interruption reviewed; motor remains responsive; no unexplained input lock.",Backlog
ANM-052,CHR-IVO,IVO_hold_walk,Hold and load,Authored motion/pose with named contact events; approve from actual gameplay camera.,False,"Contact, silhouette and interruption reviewed; motor remains responsive; no unexplained input lock.",Backlog
ANM-053,CHR-IVO,IVO_hold_run,Hold and load,Authored motion/pose with named contact events; approve from actual gameplay camera.,False,"Contact, silhouette and interruption reviewed; motor remains responsive; no unexplained input lock.",Backlog
ANM-054,CHR-IVO,IVO_hold_jump,Hold and load,Authored motion/pose with named contact events; approve from actual gameplay camera.,False,"Contact, silhouette and interruption reviewed; motor remains responsive; no unexplained input lock.",Backlog
ANM-055,CHR-IVO,IVO_hold_crouch,Hold and load,Authored motion/pose with named contact events; approve from actual gameplay camera.,False,"Contact, silhouette and interruption reviewed; motor remains responsive; no unexplained input lock.",Backlog
ANM-056,CHR-IVO,IVO_hold_release,Hold and load,Authored motion/pose with named contact events; approve from actual gameplay camera.,False,"Contact, silhouette and interruption reviewed; motor remains responsive; no unexplained input lock.",Backlog
ANM-057,CHR-IVO,IVO_hold_range_warning,Hold and load,Authored motion/pose with named contact events; approve from actual gameplay camera.,False,"Contact, silhouette and interruption reviewed; motor remains responsive; no unexplained input lock.",Backlog
ANM-058,CHR-IVO,IVO_transfer_in,Hold and load,Authored motion/pose with named contact events; approve from actual gameplay camera.,False,"Contact, silhouette and interruption reviewed; motor remains responsive; no unexplained input lock.",Backlog
ANM-059,CHR-IVO,IVO_transfer_out,Hold and load,Authored motion/pose with named contact events; approve from actual gameplay camera.,False,"Contact, silhouette and interruption reviewed; motor remains responsive; no unexplained input lock.",Backlog
ANM-060,CHR-IVO,IVO_load_after_motion,Hold and load,Authored motion/pose with named contact events; approve from actual gameplay camera.,False,"Contact, silhouette and interruption reviewed; motor remains responsive; no unexplained input lock.",Backlog
ANM-061,CHR-IVO,IVO_strain_shoulders_01,Hold and load,Authored motion/pose with named contact events; approve from actual gameplay camera.,True,"Contact, silhouette and interruption reviewed; motor remains responsive; no unexplained input lock.",Backlog
ANM-062,CHR-IVO,IVO_strain_shoulders_02,Hold and load,Authored motion/pose with named contact events; approve from actual gameplay camera.,True,"Contact, silhouette and interruption reviewed; motor remains responsive; no unexplained input lock.",Backlog
ANM-063,CHR-IVO,IVO_strain_fingers_01,Hold and load,Authored motion/pose with named contact events; approve from actual gameplay camera.,True,"Contact, silhouette and interruption reviewed; motor remains responsive; no unexplained input lock.",Backlog
ANM-064,CHR-IVO,IVO_strain_fingers_02,Hold and load,Authored motion/pose with named contact events; approve from actual gameplay camera.,True,"Contact, silhouette and interruption reviewed; motor remains responsive; no unexplained input lock.",Backlog
ANM-065,CHR-IVO,IVO_paired_enter,Hold and load,Authored motion/pose with named contact events; approve from actual gameplay camera.,False,"Contact, silhouette and interruption reviewed; motor remains responsive; no unexplained input lock.",Backlog
ANM-066,CHR-IVO,IVO_paired_balance_left,Hold and load,Authored motion/pose with named contact events; approve from actual gameplay camera.,False,"Contact, silhouette and interruption reviewed; motor remains responsive; no unexplained input lock.",Backlog
ANM-067,CHR-IVO,IVO_paired_balance_right,Hold and load,Authored motion/pose with named contact events; approve from actual gameplay camera.,False,"Contact, silhouette and interruption reviewed; motor remains responsive; no unexplained input lock.",Backlog
ANM-068,CHR-IVO,IVO_paired_lower,Hold and load,Authored motion/pose with named contact events; approve from actual gameplay camera.,False,"Contact, silhouette and interruption reviewed; motor remains responsive; no unexplained input lock.",Backlog
ANM-069,CHR-IVO,IVO_paired_raise,Hold and load,Authored motion/pose with named contact events; approve from actual gameplay camera.,False,"Contact, silhouette and interruption reviewed; motor remains responsive; no unexplained input lock.",Backlog
ANM-070,CHR-IVO,IVO_paired_brace,Hold and load,Authored motion/pose with named contact events; approve from actual gameplay camera.,False,"Contact, silhouette and interruption reviewed; motor remains responsive; no unexplained input lock.",Backlog
ANM-071,CHR-IVO,IVO_paired_exit,Hold and load,Authored motion/pose with named contact events; approve from actual gameplay camera.,False,"Contact, silhouette and interruption reviewed; motor remains responsive; no unexplained input lock.",Backlog
ANM-072,CHR-IVO,IVO_wade_loop,Water,Authored motion/pose with named contact events; approve from actual gameplay camera.,True,"Contact, silhouette and interruption reviewed; motor remains responsive; no unexplained input lock.",Backlog
ANM-073,CHR-IVO,IVO_water_enter,Water,Authored motion/pose with named contact events; approve from actual gameplay camera.,False,"Contact, silhouette and interruption reviewed; motor remains responsive; no unexplained input lock.",Backlog
ANM-074,CHR-IVO,IVO_surface_idle,Water,Authored motion/pose with named contact events; approve from actual gameplay camera.,True,"Contact, silhouette and interruption reviewed; motor remains responsive; no unexplained input lock.",Backlog
ANM-075,CHR-IVO,IVO_surface_swim,Water,Authored motion/pose with named contact events; approve from actual gameplay camera.,True,"Contact, silhouette and interruption reviewed; motor remains responsive; no unexplained input lock.",Backlog
ANM-076,CHR-IVO,IVO_dive_start,Water,Authored motion/pose with named contact events; approve from actual gameplay camera.,False,"Contact, silhouette and interruption reviewed; motor remains responsive; no unexplained input lock.",Backlog
ANM-077,CHR-IVO,IVO_swim_forward,Water,Authored motion/pose with named contact events; approve from actual gameplay camera.,True,"Contact, silhouette and interruption reviewed; motor remains responsive; no unexplained input lock.",Backlog
ANM-078,CHR-IVO,IVO_swim_up,Water,Authored motion/pose with named contact events; approve from actual gameplay camera.,True,"Contact, silhouette and interruption reviewed; motor remains responsive; no unexplained input lock.",Backlog
ANM-079,CHR-IVO,IVO_swim_down,Water,Authored motion/pose with named contact events; approve from actual gameplay camera.,True,"Contact, silhouette and interruption reviewed; motor remains responsive; no unexplained input lock.",Backlog
ANM-080,CHR-IVO,IVO_swim_turn,Water,Authored motion/pose with named contact events; approve from actual gameplay camera.,True,"Contact, silhouette and interruption reviewed; motor remains responsive; no unexplained input lock.",Backlog
ANM-081,CHR-IVO,IVO_swim_hold_onearm,Water,Authored motion/pose with named contact events; approve from actual gameplay camera.,True,"Contact, silhouette and interruption reviewed; motor remains responsive; no unexplained input lock.",Backlog
ANM-082,CHR-IVO,IVO_surface_recover,Water,Authored motion/pose with named contact events; approve from actual gameplay camera.,False,"Contact, silhouette and interruption reviewed; motor remains responsive; no unexplained input lock.",Backlog
ANM-083,CHR-IVO,IVO_breath_warning_01,Water,Authored motion/pose with named contact events; approve from actual gameplay camera.,True,"Contact, silhouette and interruption reviewed; motor remains responsive; no unexplained input lock.",Backlog
ANM-084,CHR-IVO,IVO_breath_warning_02,Water,Authored motion/pose with named contact events; approve from actual gameplay camera.,True,"Contact, silhouette and interruption reviewed; motor remains responsive; no unexplained input lock.",Backlog
ANM-085,CHR-IVO,IVO_climb_from_water,Water,Authored motion/pose with named contact events; approve from actual gameplay camera.,False,"Contact, silhouette and interruption reviewed; motor remains responsive; no unexplained input lock.",Backlog
ANM-086,CHR-IVO,IVO_wet_shiver,Water,Authored motion/pose with named contact events; approve from actual gameplay camera.,False,"Contact, silhouette and interruption reviewed; motor remains responsive; no unexplained input lock.",Backlog
ANM-087,CHR-IVO,IVO_bell_enter,Water,Authored motion/pose with named contact events; approve from actual gameplay camera.,False,"Contact, silhouette and interruption reviewed; motor remains responsive; no unexplained input lock.",Backlog
ANM-088,CHR-IVO,IVO_bell_air_recover,Water,Authored motion/pose with named contact events; approve from actual gameplay camera.,False,"Contact, silhouette and interruption reviewed; motor remains responsive; no unexplained input lock.",Backlog
ANM-089,CHR-IVO,IVO_bell_latch,Water,Authored motion/pose with named contact events; approve from actual gameplay camera.,False,"Contact, silhouette and interruption reviewed; motor remains responsive; no unexplained input lock.",Backlog
ANM-090,CHR-IVO,IVO_bell_exit,Water,Authored motion/pose with named contact events; approve from actual gameplay camera.,False,"Contact, silhouette and interruption reviewed; motor remains responsive; no unexplained input lock.",Backlog
ANM-091,CHR-IVO,IVO_mother_two_taps_receive,Narrative and reactions,Authored motion/pose with named contact events; approve from actual gameplay camera.,False,"Contact, silhouette and interruption reviewed; motor remains responsive; no unexplained input lock.",Backlog
ANM-092,CHR-IVO,IVO_mother_two_taps_reply,Narrative and reactions,Authored motion/pose with named contact events; approve from actual gameplay camera.,False,"Contact, silhouette and interruption reviewed; motor remains responsive; no unexplained input lock.",Backlog
ANM-093,CHR-IVO,IVO_stare_fingernail,Narrative and reactions,Authored motion/pose with named contact events; approve from actual gameplay camera.,False,"Contact, silhouette and interruption reviewed; motor remains responsive; no unexplained input lock.",Backlog
ANM-094,CHR-IVO,IVO_restrained_eye_reaction,Narrative and reactions,Authored motion/pose with named contact events; approve from actual gameplay camera.,True,"Contact, silhouette and interruption reviewed; motor remains responsive; no unexplained input lock.",Backlog
ANM-095,CHR-IVO,IVO_cuff_recognition,Narrative and reactions,Authored motion/pose with named contact events; approve from actual gameplay camera.,False,"Contact, silhouette and interruption reviewed; motor remains responsive; no unexplained input lock.",Backlog
ANM-096,CHR-IVO,IVO_pull_mother_failed,Narrative and reactions,Authored motion/pose with named contact events; approve from actual gameplay camera.,False,"Contact, silhouette and interruption reviewed; motor remains responsive; no unexplained input lock.",Backlog
ANM-097,CHR-IVO,IVO_refusal_recoil,Narrative and reactions,Authored motion/pose with named contact events; approve from actual gameplay camera.,False,"Contact, silhouette and interruption reviewed; motor remains responsive; no unexplained input lock.",Backlog
ANM-098,CHR-IVO,IVO_cradle_look,Narrative and reactions,Authored motion/pose with named contact events; approve from actual gameplay camera.,False,"Contact, silhouette and interruption reviewed; motor remains responsive; no unexplained input lock.",Backlog
ANM-099,CHR-IVO,IVO_root_handover,Narrative and reactions,Authored motion/pose with named contact events; approve from actual gameplay camera.,False,"Contact, silhouette and interruption reviewed; motor remains responsive; no unexplained input lock.",Backlog
ANM-100,CHR-IVO,IVO_goodbye_hand,Narrative and reactions,Authored motion/pose with named contact events; approve from actual gameplay camera.,False,"Contact, silhouette and interruption reviewed; motor remains responsive; no unexplained input lock.",Backlog
ANM-101,CHR-IVO,IVO_open_final_hand,Narrative and reactions,Authored motion/pose with named contact events; approve from actual gameplay camera.,False,"Contact, silhouette and interruption reviewed; motor remains responsive; no unexplained input lock.",Backlog
ANM-102,CHR-IVO,IVO_accept_survivor_hand,Narrative and reactions,Authored motion/pose with named contact events; approve from actual gameplay camera.,False,"Contact, silhouette and interruption reviewed; motor remains responsive; no unexplained input lock.",Backlog
ANM-103,CHR-IVO,IVO_gate_pass,Narrative and reactions,Authored motion/pose with named contact events; approve from actual gameplay camera.,False,"Contact, silhouette and interruption reviewed; motor remains responsive; no unexplained input lock.",Backlog
ANM-104,CHR-IVO,IVO_fall_failure,Narrative and reactions,Authored motion/pose with named contact events; approve from actual gameplay camera.,False,"Contact, silhouette and interruption reviewed; motor remains responsive; no unexplained input lock.",Backlog
ANM-105,CHR-IVO,IVO_crush_failure,Narrative and reactions,Authored motion/pose with named contact events; approve from actual gameplay camera.,False,"Contact, silhouette and interruption reviewed; motor remains responsive; no unexplained input lock.",Backlog
ANM-106,CHR-IVO,IVO_capture_failure,Narrative and reactions,Authored motion/pose with named contact events; approve from actual gameplay camera.,False,"Contact, silhouette and interruption reviewed; motor remains responsive; no unexplained input lock.",Backlog
ANM-107,CHR-IVO,IVO_drown_failure,Narrative and reactions,Authored motion/pose with named contact events; approve from actual gameplay camera.,False,"Contact, silhouette and interruption reviewed; motor remains responsive; no unexplained input lock.",Backlog
ANM-108,CHR-IVO,IVO_shield_face,Narrative and reactions,Authored motion/pose with named contact events; approve from actual gameplay camera.,False,"Contact, silhouette and interruption reviewed; motor remains responsive; no unexplained input lock.",Backlog
ANM-109,CHR-IVO,IVO_flinch_small,Narrative and reactions,Authored motion/pose with named contact events; approve from actual gameplay camera.,False,"Contact, silhouette and interruption reviewed; motor remains responsive; no unexplained input lock.",Backlog
ANM-110,CHR-IVO,IVO_look_attention,Narrative and reactions,Authored motion/pose with named contact events; approve from actual gameplay camera.,False,"Contact, silhouette and interruption reviewed; motor remains responsive; no unexplained input lock.",Backlog
ANM-111,CHR-IVO,IVO_breathing_rest,Narrative and reactions,Authored motion/pose with named contact events; approve from actual gameplay camera.,True,"Contact, silhouette and interruption reviewed; motor remains responsive; no unexplained input lock.",Backlog
ANM-112,CHR-IVO,IVO_breathing_effort,Narrative and reactions,Authored motion/pose with named contact events; approve from actual gameplay camera.,True,"Contact, silhouette and interruption reviewed; motor remains responsive; no unexplained input lock.",Backlog
ANM-113,CHR-ANJA,ANJA_repair_idle,Mother,Authored motion/pose with named contact events; approve from actual gameplay camera.,True,"Contact, silhouette and interruption reviewed; motor remains responsive; no unexplained input lock.",Backlog
ANM-114,CHR-ANJA,ANJA_cover_request,Mother,Authored motion/pose with named contact events; approve from actual gameplay camera.,False,"Contact, silhouette and interruption reviewed; motor remains responsive; no unexplained input lock.",Backlog
ANM-115,CHR-ANJA,ANJA_guide_walk,Mother,Authored motion/pose with named contact events; approve from actual gameplay camera.,False,"Contact, silhouette and interruption reviewed; motor remains responsive; no unexplained input lock.",Backlog
ANM-116,CHR-ANJA,ANJA_landing_catch,Mother,Authored motion/pose with named contact events; approve from actual gameplay camera.,False,"Contact, silhouette and interruption reviewed; motor remains responsive; no unexplained input lock.",Backlog
ANM-117,CHR-ANJA,ANJA_hold_landing,Mother,Authored motion/pose with named contact events; approve from actual gameplay camera.,False,"Contact, silhouette and interruption reviewed; motor remains responsive; no unexplained input lock.",Backlog
ANM-118,CHR-ANJA,ANJA_transport_secure,Mother,Authored motion/pose with named contact events; approve from actual gameplay camera.,False,"Contact, silhouette and interruption reviewed; motor remains responsive; no unexplained input lock.",Backlog
ANM-119,CHR-ANJA,ANJA_look_back,Mother,Authored motion/pose with named contact events; approve from actual gameplay camera.,False,"Contact, silhouette and interruption reviewed; motor remains responsive; no unexplained input lock.",Backlog
ANM-120,CHR-ANJA,ANJA_two_taps,Mother,Authored motion/pose with named contact events; approve from actual gameplay camera.,False,"Contact, silhouette and interruption reviewed; motor remains responsive; no unexplained input lock.",Backlog
ANM-121,CHR-ANJA,ANJA_root_breath,Mother,Authored motion/pose with named contact events; approve from actual gameplay camera.,True,"Contact, silhouette and interruption reviewed; motor remains responsive; no unexplained input lock.",Backlog
ANM-122,CHR-ANJA,ANJA_root_hand_recognition,Mother,Authored motion/pose with named contact events; approve from actual gameplay camera.,False,"Contact, silhouette and interruption reviewed; motor remains responsive; no unexplained input lock.",Backlog
ANM-123,CHR-ANJA,ANJA_refuse_replacement,Mother,Authored motion/pose with named contact events; approve from actual gameplay camera.,False,"Contact, silhouette and interruption reviewed; motor remains responsive; no unexplained input lock.",Backlog
ANM-124,CHR-ANJA,ANJA_final_handover,Mother,Authored motion/pose with named contact events; approve from actual gameplay camera.,False,"Contact, silhouette and interruption reviewed; motor remains responsive; no unexplained input lock.",Backlog
ANM-125,CHR-ANJA,ANJA_final_release,Mother,Authored motion/pose with named contact events; approve from actual gameplay camera.,False,"Contact, silhouette and interruption reviewed; motor remains responsive; no unexplained input lock.",Backlog
ANM-126,CHR-CUST-A,CUST_idle_watch,Custodian shared,Authored motion/pose with named contact events; approve from actual gameplay camera.,True,"Contact, silhouette and interruption reviewed; motor remains responsive; no unexplained input lock.",Backlog
ANM-127,CHR-CUST-A,CUST_walk_patrol,Custodian shared,Authored motion/pose with named contact events; approve from actual gameplay camera.,True,"Contact, silhouette and interruption reviewed; motor remains responsive; no unexplained input lock.",Backlog
ANM-128,CHR-CUST-A,CUST_turn,Custodian shared,Authored motion/pose with named contact events; approve from actual gameplay camera.,False,"Contact, silhouette and interruption reviewed; motor remains responsive; no unexplained input lock.",Backlog
ANM-129,CHR-CUST-A,CUST_listen,Custodian shared,Authored motion/pose with named contact events; approve from actual gameplay camera.,False,"Contact, silhouette and interruption reviewed; motor remains responsive; no unexplained input lock.",Backlog
ANM-130,CHR-CUST-A,CUST_inspect_sheet,Custodian shared,Authored motion/pose with named contact events; approve from actual gameplay camera.,False,"Contact, silhouette and interruption reviewed; motor remains responsive; no unexplained input lock.",Backlog
ANM-131,CHR-CUST-A,CUST_detect,Custodian shared,Authored motion/pose with named contact events; approve from actual gameplay camera.,False,"Contact, silhouette and interruption reviewed; motor remains responsive; no unexplained input lock.",Backlog
ANM-132,CHR-CUST-A,CUST_approach,Custodian shared,Authored motion/pose with named contact events; approve from actual gameplay camera.,False,"Contact, silhouette and interruption reviewed; motor remains responsive; no unexplained input lock.",Backlog
ANM-133,CHR-CUST-A,CUST_run_pursuit,Custodian shared,Authored motion/pose with named contact events; approve from actual gameplay camera.,False,"Contact, silhouette and interruption reviewed; motor remains responsive; no unexplained input lock.",Backlog
ANM-134,CHR-CUST-A,CUST_reach_capture,Custodian shared,Authored motion/pose with named contact events; approve from actual gameplay camera.,False,"Contact, silhouette and interruption reviewed; motor remains responsive; no unexplained input lock.",Backlog
ANM-135,CHR-CUST-A,CUST_capture_secure,Custodian shared,Authored motion/pose with named contact events; approve from actual gameplay camera.,False,"Contact, silhouette and interruption reviewed; motor remains responsive; no unexplained input lock.",Backlog
ANM-136,CHR-CUST-A,CUST_blocked_door_catch,Custodian shared,Authored motion/pose with named contact events; approve from actual gameplay camera.,False,"Contact, silhouette and interruption reviewed; motor remains responsive; no unexplained input lock.",Backlog
ANM-137,CHR-CUST-A,CUST_blocked_cart_react,Custodian shared,Authored motion/pose with named contact events; approve from actual gameplay camera.,False,"Contact, silhouette and interruption reviewed; motor remains responsive; no unexplained input lock.",Backlog
ANM-138,CHR-CUST-A,CUST_harness_held_pose,Custodian shared,Authored motion/pose with named contact events; approve from actual gameplay camera.,False,"Contact, silhouette and interruption reviewed; motor remains responsive; no unexplained input lock.",Backlog
ANM-139,CHR-CUST-A,CUST_held_eye_track,Custodian shared,Authored motion/pose with named contact events; approve from actual gameplay camera.,False,"Contact, silhouette and interruption reviewed; motor remains responsive; no unexplained input lock.",Backlog
ANM-140,CHR-CUST-A,CUST_held_breath,Custodian shared,Authored motion/pose with named contact events; approve from actual gameplay camera.,True,"Contact, silhouette and interruption reviewed; motor remains responsive; no unexplained input lock.",Backlog
ANM-141,CHR-CUST-A,CUST_recover_release,Custodian shared,Authored motion/pose with named contact events; approve from actual gameplay camera.,False,"Contact, silhouette and interruption reviewed; motor remains responsive; no unexplained input lock.",Backlog
ANM-142,CHR-CUST-A,CUST_transfer_attach,Custodian shared,Authored motion/pose with named contact events; approve from actual gameplay camera.,False,"Contact, silhouette and interruption reviewed; motor remains responsive; no unexplained input lock.",Backlog
ANM-143,CHR-CUST-A,CUST_transport_push,Custodian shared,Authored motion/pose with named contact events; approve from actual gameplay camera.,False,"Contact, silhouette and interruption reviewed; motor remains responsive; no unexplained input lock.",Backlog
ANM-144,RIG-PORTER,PORTER_park,Porter rig and person,Authored motion/pose with named contact events; approve from actual gameplay camera.,False,"Contact, silhouette and interruption reviewed; motor remains responsive; no unexplained input lock.",Backlog
ANM-145,RIG-PORTER,PORTER_load_detect,Porter rig and person,Authored motion/pose with named contact events; approve from actual gameplay camera.,False,"Contact, silhouette and interruption reviewed; motor remains responsive; no unexplained input lock.",Backlog
ANM-146,RIG-PORTER,PORTER_orient,Porter rig and person,Authored motion/pose with named contact events; approve from actual gameplay camera.,False,"Contact, silhouette and interruption reviewed; motor remains responsive; no unexplained input lock.",Backlog
ANM-147,RIG-PORTER,PORTER_reach,Porter rig and person,Authored motion/pose with named contact events; approve from actual gameplay camera.,False,"Contact, silhouette and interruption reviewed; motor remains responsive; no unexplained input lock.",Backlog
ANM-148,RIG-PORTER,PORTER_secure_sack,Porter rig and person,Authored motion/pose with named contact events; approve from actual gameplay camera.,False,"Contact, silhouette and interruption reviewed; motor remains responsive; no unexplained input lock.",Backlog
ANM-149,RIG-PORTER,PORTER_secure_target,Porter rig and person,Authored motion/pose with named contact events; approve from actual gameplay camera.,False,"Contact, silhouette and interruption reviewed; motor remains responsive; no unexplained input lock.",Backlog
ANM-150,RIG-PORTER,PORTER_retract,Porter rig and person,Authored motion/pose with named contact events; approve from actual gameplay camera.,False,"Contact, silhouette and interruption reviewed; motor remains responsive; no unexplained input lock.",Backlog
ANM-151,RIG-PORTER,PORTER_unload,Porter rig and person,Authored motion/pose with named contact events; approve from actual gameplay camera.,False,"Contact, silhouette and interruption reviewed; motor remains responsive; no unexplained input lock.",Backlog
ANM-152,RIG-PORTER,PORTER_return,Porter rig and person,Authored motion/pose with named contact events; approve from actual gameplay camera.,False,"Contact, silhouette and interruption reviewed; motor remains responsive; no unexplained input lock.",Backlog
ANM-153,RIG-PORTER,PORTER_drive_arrest,Porter rig and person,Authored motion/pose with named contact events; approve from actual gameplay camera.,False,"Contact, silhouette and interruption reviewed; motor remains responsive; no unexplained input lock.",Backlog
ANM-154,RIG-PORTER,PORTER_drive_release,Porter rig and person,Authored motion/pose with named contact events; approve from actual gameplay camera.,False,"Contact, silhouette and interruption reviewed; motor remains responsive; no unexplained input lock.",Backlog
ANM-155,RIG-PORTER,PORTER_obstructed,Porter rig and person,Authored motion/pose with named contact events; approve from actual gameplay camera.,False,"Contact, silhouette and interruption reviewed; motor remains responsive; no unexplained input lock.",Backlog
ANM-156,RIG-PORTER,PORTER_hose_tension,Porter rig and person,Authored motion/pose with named contact events; approve from actual gameplay camera.,False,"Contact, silhouette and interruption reviewed; motor remains responsive; no unexplained input lock.",Backlog
ANM-157,RIG-PORTER,PORTER_gaze_tracking,Porter rig and person,Authored motion/pose with named contact events; approve from actual gameplay camera.,False,"Contact, silhouette and interruption reviewed; motor remains responsive; no unexplained input lock.",Backlog
ANM-158,RIG-PORTER,PORTER_breathing,Porter rig and person,Authored motion/pose with named contact events; approve from actual gameplay camera.,True,"Contact, silhouette and interruption reviewed; motor remains responsive; no unexplained input lock.",Backlog
ANM-159,RIG-PORTER,PORTER_submerged_reach,Porter rig and person,Authored motion/pose with named contact events; approve from actual gameplay camera.,False,"Contact, silhouette and interruption reviewed; motor remains responsive; no unexplained input lock.",Backlog
ANM-160,RIG-PORTER,PORTER_dock_tip,Porter rig and person,Authored motion/pose with named contact events; approve from actual gameplay camera.,False,"Contact, silhouette and interruption reviewed; motor remains responsive; no unexplained input lock.",Backlog
ANM-161,CHR-BEARER-01,BEARER_standing_strain,Shared bearer/cohort,Authored motion/pose with named contact events; approve from actual gameplay camera.,True,"Contact, silhouette and interruption reviewed; motor remains responsive; no unexplained input lock.",Backlog
ANM-162,CHR-BEARER-01,BEARER_seated_strain,Shared bearer/cohort,Authored motion/pose with named contact events; approve from actual gameplay camera.,True,"Contact, silhouette and interruption reviewed; motor remains responsive; no unexplained input lock.",Backlog
ANM-163,CHR-BEARER-01,BEARER_leaning_left,Shared bearer/cohort,Authored motion/pose with named contact events; approve from actual gameplay camera.,False,"Contact, silhouette and interruption reviewed; motor remains responsive; no unexplained input lock.",Backlog
ANM-164,CHR-BEARER-01,BEARER_leaning_right,Shared bearer/cohort,Authored motion/pose with named contact events; approve from actual gameplay camera.,False,"Contact, silhouette and interruption reviewed; motor remains responsive; no unexplained input lock.",Backlog
ANM-165,CHR-BEARER-01,BEARER_overhead_strain,Shared bearer/cohort,Authored motion/pose with named contact events; approve from actual gameplay camera.,True,"Contact, silhouette and interruption reviewed; motor remains responsive; no unexplained input lock.",Backlog
ANM-166,CHR-BEARER-01,BEARER_wrist_strain,Shared bearer/cohort,Authored motion/pose with named contact events; approve from actual gameplay camera.,True,"Contact, silhouette and interruption reviewed; motor remains responsive; no unexplained input lock.",Backlog
ANM-167,CHR-BEARER-01,BEARER_eye_independent,Shared bearer/cohort,Authored motion/pose with named contact events; approve from actual gameplay camera.,False,"Contact, silhouette and interruption reviewed; motor remains responsive; no unexplained input lock.",Backlog
ANM-168,CHR-BEARER-01,BEARER_finger_flex,Shared bearer/cohort,Authored motion/pose with named contact events; approve from actual gameplay camera.,False,"Contact, silhouette and interruption reviewed; motor remains responsive; no unexplained input lock.",Backlog
ANM-169,CHR-BEARER-01,BEARER_load_relax,Shared bearer/cohort,Authored motion/pose with named contact events; approve from actual gameplay camera.,False,"Contact, silhouette and interruption reviewed; motor remains responsive; no unexplained input lock.",Backlog
ANM-170,CHR-BEARER-01,BEARER_first_step_stumble,Shared bearer/cohort,Authored motion/pose with named contact events; approve from actual gameplay camera.,False,"Contact, silhouette and interruption reviewed; motor remains responsive; no unexplained input lock.",Backlog
ANM-171,CHR-BEARER-01,BEARER_steady_self,Shared bearer/cohort,Authored motion/pose with named contact events; approve from actual gameplay camera.,False,"Contact, silhouette and interruption reviewed; motor remains responsive; no unexplained input lock.",Backlog
ANM-172,CHR-BEARER-01,BEARER_help_neighbor,Shared bearer/cohort,Authored motion/pose with named contact events; approve from actual gameplay camera.,False,"Contact, silhouette and interruption reviewed; motor remains responsive; no unexplained input lock.",Backlog
ANM-173,CHR-BEARER-01,BEARER_queue_exit,Shared bearer/cohort,Authored motion/pose with named contact events; approve from actual gameplay camera.,False,"Contact, silhouette and interruption reviewed; motor remains responsive; no unexplained input lock.",Backlog
ANM-174,CHR-BEARER-01,BEARER_brace_rail,Shared bearer/cohort,Authored motion/pose with named contact events; approve from actual gameplay camera.,False,"Contact, silhouette and interruption reviewed; motor remains responsive; no unexplained input lock.",Backlog
ANM-175,CHR-BEARER-01,BEARER_brace_bed,Shared bearer/cohort,Authored motion/pose with named contact events; approve from actual gameplay camera.,False,"Contact, silhouette and interruption reviewed; motor remains responsive; no unexplained input lock.",Backlog
ANM-176,CHR-BEARER-01,BEARER_catch_elbow,Shared bearer/cohort,Authored motion/pose with named contact events; approve from actual gameplay camera.,False,"Contact, silhouette and interruption reviewed; motor remains responsive; no unexplained input lock.",Backlog
ANM-177,CHR-BEARER-01,BEARER_recover_balance,Shared bearer/cohort,Authored motion/pose with named contact events; approve from actual gameplay camera.,False,"Contact, silhouette and interruption reviewed; motor remains responsive; no unexplained input lock.",Backlog
ANM-178,CHR-BEARER-01,BEARER_evacuate_walk,Shared bearer/cohort,Authored motion/pose with named contact events; approve from actual gameplay camera.,False,"Contact, silhouette and interruption reviewed; motor remains responsive; no unexplained input lock.",Backlog
ANM-179,CHR-BEARER-01,BEARER_evacuate_pause,Shared bearer/cohort,Authored motion/pose with named contact events; approve from actual gameplay camera.,False,"Contact, silhouette and interruption reviewed; motor remains responsive; no unexplained input lock.",Backlog
ANM-180,CHR-ORREN,ORREN_pawl_release,Orren,Authored motion/pose with named contact events; approve from actual gameplay camera.,False,"Contact, silhouette and interruption reviewed; motor remains responsive; no unexplained input lock.",Backlog
ANM-181,CHR-ORREN,ORREN_uncurl_hand,Orren,Authored motion/pose with named contact events; approve from actual gameplay camera.,False,"Contact, silhouette and interruption reviewed; motor remains responsive; no unexplained input lock.",Backlog
ANM-182,CHR-ORREN,ORREN_test_knee,Orren,Authored motion/pose with named contact events; approve from actual gameplay camera.,False,"Contact, silhouette and interruption reviewed; motor remains responsive; no unexplained input lock.",Backlog
ANM-183,CHR-ORREN,ORREN_stand_slow,Orren,Authored motion/pose with named contact events; approve from actual gameplay camera.,False,"Contact, silhouette and interruption reviewed; motor remains responsive; no unexplained input lock.",Backlog
ANM-184,CHR-ORREN,ORREN_limp_walk,Orren,Authored motion/pose with named contact events; approve from actual gameplay camera.,False,"Contact, silhouette and interruption reviewed; motor remains responsive; no unexplained input lock.",Backlog
ANM-185,CHR-ORREN,ORREN_help_other,Orren,Authored motion/pose with named contact events; approve from actual gameplay camera.,False,"Contact, silhouette and interruption reviewed; motor remains responsive; no unexplained input lock.",Backlog
ANM-186,CHR-ORREN,ORREN_manual_gate_hold,Orren,Authored motion/pose with named contact events; approve from actual gameplay camera.,False,"Contact, silhouette and interruption reviewed; motor remains responsive; no unexplained input lock.",Backlog
ANM-187,CHR-ORREN,ORREN_gate_release,Orren,Authored motion/pose with named contact events; approve from actual gameplay camera.,False,"Contact, silhouette and interruption reviewed; motor remains responsive; no unexplained input lock.",Backlog
ANM-188,CHR-ORREN,ORREN_final_wait,Orren,Authored motion/pose with named contact events; approve from actual gameplay camera.,False,"Contact, silhouette and interruption reviewed; motor remains responsive; no unexplained input lock.",Backlog
ANM-189,RIG-WARD,WARD_cradle_idle,Ward rig authored poses,Authored motion/pose with named contact events; approve from actual gameplay camera.,True,"Contact, silhouette and interruption reviewed; motor remains responsive; no unexplained input lock.",Backlog
ANM-190,RIG-WARD,WARD_take_balance,Ward rig authored poses,Authored motion/pose with named contact events; approve from actual gameplay camera.,False,"Contact, silhouette and interruption reviewed; motor remains responsive; no unexplained input lock.",Backlog
ANM-191,RIG-WARD,WARD_first_support_lift,Ward rig authored poses,Authored motion/pose with named contact events; approve from actual gameplay camera.,False,"Contact, silhouette and interruption reviewed; motor remains responsive; no unexplained input lock.",Backlog
ANM-192,RIG-WARD,WARD_first_step_settle,Ward rig authored poses,Authored motion/pose with named contact events; approve from actual gameplay camera.,False,"Contact, silhouette and interruption reviewed; motor remains responsive; no unexplained input lock.",Backlog
ANM-193,RIG-WARD,WARD_support_transfer,Ward rig authored poses,Authored motion/pose with named contact events; approve from actual gameplay camera.,False,"Contact, silhouette and interruption reviewed; motor remains responsive; no unexplained input lock.",Backlog
ANM-194,RIG-WARD,WARD_front_advance,Ward rig authored poses,Authored motion/pose with named contact events; approve from actual gameplay camera.,False,"Contact, silhouette and interruption reviewed; motor remains responsive; no unexplained input lock.",Backlog
ANM-195,RIG-WARD,WARD_rear_follow,Ward rig authored poses,Authored motion/pose with named contact events; approve from actual gameplay camera.,False,"Contact, silhouette and interruption reviewed; motor remains responsive; no unexplained input lock.",Backlog
ANM-196,RIG-WARD,WARD_brace_static,Ward rig authored poses,Authored motion/pose with named contact events; approve from actual gameplay camera.,False,"Contact, silhouette and interruption reviewed; motor remains responsive; no unexplained input lock.",Backlog
ANM-197,RIG-WARD,WARD_narrow_lower,Ward rig authored poses,Authored motion/pose with named contact events; approve from actual gameplay camera.,False,"Contact, silhouette and interruption reviewed; motor remains responsive; no unexplained input lock.",Backlog
ANM-198,RIG-WARD,WARD_narrow_advance,Ward rig authored poses,Authored motion/pose with named contact events; approve from actual gameplay camera.,False,"Contact, silhouette and interruption reviewed; motor remains responsive; no unexplained input lock.",Backlog
ANM-199,RIG-WARD,WARD_crouch_enter,Ward rig authored poses,Authored motion/pose with named contact events; approve from actual gameplay camera.,False,"Contact, silhouette and interruption reviewed; motor remains responsive; no unexplained input lock.",Backlog
ANM-200,RIG-WARD,WARD_crouch_traverse,Ward rig authored poses,Authored motion/pose with named contact events; approve from actual gameplay camera.,False,"Contact, silhouette and interruption reviewed; motor remains responsive; no unexplained input lock.",Backlog
ANM-201,RIG-WARD,WARD_rise_align,Ward rig authored poses,Authored motion/pose with named contact events; approve from actual gameplay camera.,False,"Contact, silhouette and interruption reviewed; motor remains responsive; no unexplained input lock.",Backlog
ANM-202,RIG-WARD,WARD_kneel_approach,Ward rig authored poses,Authored motion/pose with named contact events; approve from actual gameplay camera.,False,"Contact, silhouette and interruption reviewed; motor remains responsive; no unexplained input lock.",Backlog
ANM-203,RIG-WARD,WARD_porch_align,Ward rig authored poses,Authored motion/pose with named contact events; approve from actual gameplay camera.,False,"Contact, silhouette and interruption reviewed; motor remains responsive; no unexplained input lock.",Backlog
ANM-204,RIG-WARD,WARD_support_lock,Ward rig authored poses,Authored motion/pose with named contact events; approve from actual gameplay camera.,False,"Contact, silhouette and interruption reviewed; motor remains responsive; no unexplained input lock.",Backlog
ANM-205,RIG-WARD,WARD_park_final,Ward rig authored poses,Authored motion/pose with named contact events; approve from actual gameplay camera.,False,"Contact, silhouette and interruption reviewed; motor remains responsive; no unexplained input lock.",Backlog
ANM-206,FAUNA-WADER,FAUNA_wader_idle,Ambient life,Authored motion/pose with named contact events; approve from actual gameplay camera.,True,"Contact, silhouette and interruption reviewed; motor remains responsive; no unexplained input lock.",Backlog
ANM-207,FAUNA-WADER,FAUNA_wader_forage,Ambient life,Authored motion/pose with named contact events; approve from actual gameplay camera.,False,"Contact, silhouette and interruption reviewed; motor remains responsive; no unexplained input lock.",Backlog
ANM-208,FAUNA-WADER,FAUNA_wader_startle,Ambient life,Authored motion/pose with named contact events; approve from actual gameplay camera.,False,"Contact, silhouette and interruption reviewed; motor remains responsive; no unexplained input lock.",Backlog
ANM-209,FAUNA-WADER,FAUNA_wader_fly,Ambient life,Authored motion/pose with named contact events; approve from actual gameplay camera.,False,"Contact, silhouette and interruption reviewed; motor remains responsive; no unexplained input lock.",Backlog
ANM-210,FAUNA-FISH,FAUNA_fish_idle,Ambient life,Authored motion/pose with named contact events; approve from actual gameplay camera.,True,"Contact, silhouette and interruption reviewed; motor remains responsive; no unexplained input lock.",Backlog
ANM-211,FAUNA-FISH,FAUNA_fish_dart,Ambient life,Authored motion/pose with named contact events; approve from actual gameplay camera.,False,"Contact, silhouette and interruption reviewed; motor remains responsive; no unexplained input lock.",Backlog
