id,category,scope,owner,first_use,sequences,milestone,acceptance,status,estimate_person_days
CHR-IVO,CHR,1.52 m boy mesh; ash-blue jacket; bare/shod hand sockets; brace fit; wet material; four additive strain presentations; close hand LOD,Character art + animation,SQ-01-01,"[""SQ-01-01"", ""SQ-01-02"", ""SQ-01-03"", ""SQ-01-04"", ""SQ-02-01"", ""SQ-02-02"", ""SQ-02-03"", ""SQ-02-04"", ""SQ-03-01"", ""SQ-03-02"", ""SQ-03-03"", ""SQ-03-04"", ""SQ-04-01"", ""SQ-04-02"", ""SQ-04-03"", ""SQ-04-04"", ""SQ-05-01"", ""SQ-05-02"", ""SQ-05-03"", ""SQ-05-04"", ""SQ-06-01"", ""SQ-06-02"", ""SQ-06-03"", ""SQ-06-04"", ""SQ-07-01"", ""SQ-07-02"", ""SQ-07-03"", ""SQ-07-04"", ""SQ-08-01"", ""SQ-08-02"", ""SQ-08-03"", ""SQ-08-04"", ""SQ-09-01"", ""SQ-09-02"", ""SQ-09-06"", ""SQ-09-07"", ""SQ-09-08""]",M10,"At authored gameplay distance: correct silhouette/scale, named sockets, simple collision, legal material/LOD budget, no missing source or license; integrate in earliest sequence and verify pause/reload.",Backlog,
CHR-ANJA,CHR,Repair-worker mesh; identifiable double-stitched cuff; normal/transport presentations; matching integrated hand presentation,Character art + animation,SQ-01-01,"[""SQ-01-01"", ""SQ-01-02"", ""SQ-07-03"", ""SQ-09-06""]",M10,"At authored gameplay distance: correct silhouette/scale, named sockets, simple collision, legal material/LOD budget, no missing source or license; integrate in earliest sequence and verify pause/reload.",Backlog,
CHR-ORREN,CHR,Elderly worker mesh; bent shoe; missing coat button; constrained/free/recovered states on shared adult skeleton,Character art + animation,SQ-04-04,"[""SQ-04-04"", ""SQ-07-04"", ""SQ-09-05"", ""SQ-09-08""]",M14,"At authored gameplay distance: correct silhouette/scale, named sockets, simple collision, legal material/LOD budget, no missing source or license; integrate in earliest sequence and verify pause/reload.",Backlog,
CHR-CUST-A,CHR,Covered-contact Custodian; waterproof coat; padded harness; torch; visibly closed protective port,Character art + animation,SQ-01-02,"[""SQ-01-02"", ""SQ-01-04"", ""SQ-03-02""]",M10,"At authored gameplay distance: correct silhouette/scale, named sockets, simple collision, legal material/LOD budget, no missing source or license; integrate in earliest sequence and verify pause/reload.",Backlog,
CHR-CUST-B,CHR,Exposed-contact Custodian; same adult skeleton; readable porcelain socket; conscious facial micro-motion,Character art + animation,SQ-04-03,"[""SQ-04-03""]",M06,"At authored gameplay distance: correct silhouette/scale, named sockets, simple collision, legal material/LOD budget, no missing source or license; integrate in earliest sequence and verify pause/reload.",Backlog,
CHR-PORTER,CHR,Adult rescue-worker body and head fitted to rig; independent gaze and breathing; wet/dry variants,Character art + animation,SQ-02-03,"[""SQ-02-03"", ""SQ-05-04"", ""SQ-06-03""]",M06,"At authored gameplay distance: correct silhouette/scale, named sockets, simple collision, legal material/LOD budget, no missing source or license; integrate in earliest sequence and verify pause/reload.",Backlog,
CHR-ROOT,CHR,"Anja-root visible body proxies; hand and cuff fidelity; irreversible integration visible without gore; shared identity, not new monster",Character art + animation,SQ-07-03,"[""SQ-07-03"", ""SQ-09-06"", ""SQ-09-07""]",M14,"At authored gameplay distance: correct silhouette/scale, named sockets, simple collision, legal material/LOD budget, no missing source or license; integrate in earliest sequence and verify pause/reload.",Backlog,
CHR-BEARER-01,CHR,Queue worker base body A; leaning constraint poses; eyes and fingers independent of forced torso,Character art + animation,SQ-03-01,"[""SQ-03-01"", ""SQ-04-01"", ""SQ-04-02"", ""SQ-07-01""]",M13,"At authored gameplay distance: correct silhouette/scale, named sockets, simple collision, legal material/LOD budget, no missing source or license; integrate in earliest sequence and verify pause/reload.",Backlog,
CHR-BEARER-02,CHR,Laundry attendant base body B; standing strain; wrist/drum relationship; released stumble,Character art + animation,SQ-04-01,"[""SQ-04-01"", ""SQ-04-02"", ""SQ-07-01""]",M14,"At authored gameplay distance: correct silhouette/scale, named sockets, simple collision, legal material/LOD budget, no missing source or license; integrate in earliest sequence and verify pause/reload.",Backlog,
CHR-BEARER-03,CHR,Local bearer base body C; overhead support posture; load-release recovery,Character art + animation,SQ-07-01,"[""SQ-07-01"", ""SQ-07-04""]",M14,"At authored gameplay distance: correct silhouette/scale, named sockets, simple collision, legal material/LOD budget, no missing source or license; integrate in earliest sequence and verify pause/reload.",Backlog,
CHR-BEARER-04,CHR,Adult base body D for cohort variation; layered work clothes; nonuniform gait and recovery,Character art + animation,SQ-07-04,"[""SQ-07-04""]",M14,"At authored gameplay distance: correct silhouette/scale, named sockets, simple collision, legal material/LOD budget, no missing source or license; integrate in earliest sequence and verify pause/reload.",Backlog,
CHR-BEARER-HAND,CHR,Readable hand/forearm insert; porcelain shell alignment; fingernail motion; single reveal variant,Character art + animation,SQ-03-04,"[""SQ-03-04""]",M13,"At authored gameplay distance: correct silhouette/scale, named sockets, simple collision, legal material/LOD budget, no missing source or license; integrate in earliest sequence and verify pause/reload.",Backlog,
CHR-RESIDENTS,CHR,Background resident variants assembled from adult bases; groceries and terrace gestures; no independent survival logic,Character art + animation,SQ-02-04,"[""SQ-02-04"", ""SQ-04-01""]",M14,"At authored gameplay distance: correct silhouette/scale, named sockets, simple collision, legal material/LOD budget, no missing source or license; integrate in earliest sequence and verify pause/reload.",Backlog,
CHR-SURVIVORS,CHR,Twelve roster-based presentation prefabs assembled from bearer bases and Orren; no twelve additional unique sculpts,Character art + animation,SQ-08-03,"[""SQ-08-03"", ""SQ-09-01"", ""SQ-09-02"", ""SQ-09-03"", ""SQ-09-04"", ""SQ-09-05"", ""SQ-09-08""]",M14,"At authored gameplay distance: correct silhouette/scale, named sockets, simple collision, legal material/LOD budget, no missing source or license; integrate in earliest sequence and verify pause/reload.",Backlog,
FAUNA-WADER,FAUNA,Small coastal bird; forage/idle/flee; disconnected from Hold and harmless to stealth,Character art + animation,SQ-02-01,"[""SQ-02-01""]",M14,"At authored gameplay distance: correct silhouette/scale, named sockets, simple collision, legal material/LOD budget, no missing source or license; integrate in earliest sequence and verify pause/reload.",Backlog,
FAUNA-FISH,FAUNA,Sparse fish silhouettes; idle and disturbance response; no collectible or combat function,Character art + animation,SQ-06-01,"[""SQ-06-01""]",M08,"At authored gameplay distance: correct silhouette/scale, named sockets, simple collision, legal material/LOD budget, no missing source or license; integrate in earliest sequence and verify pause/reload.",Backlog,
ENV-TERRACE,ENV,Kitchen wall/window/door modules; apartment hall; landing; risers; exterior facade; trim; roof silhouette; repair alcove,Environment art,SQ-01-01,"[""SQ-01-01"", ""SQ-01-02""]",M10,"At authored gameplay distance: correct silhouette/scale, named sockets, simple collision, legal material/LOD budget, no missing source or license; integrate in earliest sequence and verify pause/reload.",Backlog,
ENV-SERVICE,ENV,Concrete corridor straight/corner; door frame; stairwell; crawl throat; railing; utility recess; handrail conduit,Environment art,SQ-01-03,"[""SQ-01-03"", ""SQ-01-04"", ""SQ-03-04""]",M10,"At authored gameplay distance: correct silhouette/scale, named sockets, simple collision, legal material/LOD budget, no missing source or license; integrate in earliest sequence and verify pause/reload.",Backlog,
ENV-GARDENS,ENV,Raised beds; drain channel; bank corners; exposed ledges; allotment retaining walls; reed patch; stone refuges; loading grate,Environment art,SQ-01-04,"[""SQ-01-04"", ""SQ-02-01"", ""SQ-02-02"", ""SQ-02-03""]",M10,"At authored gameplay distance: correct silhouette/scale, named sockets, simple collision, legal material/LOD budget, no missing source or license; integrate in earliest sequence and verify pause/reload.",Backlog,
ENV-CULVERT,ENV,Low drain tunnel; grate openings; crawl slope; daylight exit; root-return service culvert; drip ledges,Environment art,SQ-02-04,"[""SQ-02-04""]",M14,"At authored gameplay distance: correct silhouette/scale, named sockets, simple collision, legal material/LOD budget, no missing source or license; integrate in earliest sequence and verify pause/reload.",Backlog,
ENV-LAUNDRY,ENV,Tall column bays; gantry rail; machine plinths; drying-frame track; brick/concrete walls; lower catch shelf; upper search catwalk,Environment art,SQ-02-04,"[""SQ-02-04"", ""SQ-03-01"", ""SQ-03-02"", ""SQ-03-03""]",M14,"At authored gameplay distance: correct silhouette/scale, named sockets, simple collision, legal material/LOD budget, no missing source or license; integrate in earliest sequence and verify pause/reload.",Backlog,
ENV-EXCHANGE,ENV,Public concourse; restrained waiting bay; tram platform edge; luggage recess; under-track supports; ticket/window silhouettes,Environment art,SQ-04-01,"[""SQ-04-01"", ""SQ-04-02"", ""SQ-04-03"", ""SQ-04-04""]",M14,"At authored gameplay distance: correct silhouette/scale, named sockets, simple collision, legal material/LOD budget, no missing source or license; integrate in earliest sequence and verify pause/reload.",Backlog,
ENV-CUT,ENV,Chalk walls; excavation ledges; counterweight shafts; receiving sockets; exposed track; salvage rack; large distant mass silhouettes,Environment art,SQ-05-01,"[""SQ-05-01"", ""SQ-05-02"", ""SQ-05-03"", ""SQ-05-04""]",M14,"At authored gameplay distance: correct silhouette/scale, named sockets, simple collision, legal material/LOD budget, no missing source or license; integrate in earliest sequence and verify pause/reload.",Backlog,
ENV-DROWNED,ENV,Submerged shop fronts; old tram stop; submerged windows; stairs; dry landing; bell guide shaft; waterline portals,Environment art,SQ-06-01,"[""SQ-06-01"", ""SQ-06-02"", ""SQ-06-03"", ""SQ-06-04""]",M08,"At authored gameplay distance: correct silhouette/scale, named sockets, simple collision, legal material/LOD budget, no missing source or license; integrate in earliest sequence and verify pause/reload.",Backlog,
ENV-BURDEN,ENV,Reverse apartment walls; service slits; body-link bays; exposed bearing chambers; root approach; safe cohort exits,Environment art,SQ-07-01,"[""SQ-07-01"", ""SQ-07-02"", ""SQ-07-03"", ""SQ-07-04"", ""SQ-09-06""]",M14,"At authored gameplay distance: correct silhouette/scale, named sockets, simple collision, legal material/LOD budget, no missing source or license; integrate in earliest sequence and verify pause/reload.",Backlog,
ENV-SEAWALL,ENV,Retaining gates; inspection walkway; ocean-facing aperture; basin wall; discharge duct; deflector pit; inland support piers,Environment art,SQ-08-01,"[""SQ-08-01"", ""SQ-08-02"", ""SQ-08-03"", ""SQ-09-03"", ""SQ-09-04"", ""SQ-09-07""]",M14,"At authored gameplay distance: correct silhouette/scale, named sockets, simple collision, legal material/LOD budget, no missing source or license; integrate in earliest sequence and verify pause/reload.",Backlog,
ENV-WARD-INTERIOR,ENV,Three-story room kit; kitchen; dormitory; stair spine; service cradle; front porch; window/curtain sockets; containment bounds,Environment art,SQ-08-04,"[""SQ-08-04"", ""SQ-09-01"", ""SQ-09-02""]",M09,"At authored gameplay distance: correct silhouette/scale, named sockets, simple collision, legal material/LOD budget, no missing source or license; integrate in earliest sequence and verify pause/reload.",Backlog,
ENV-INLAND,ENV,Dry receiving platform; ordinary gate wall; embankment steps; rail path; distant coast; final quiet walking lane,Environment art,SQ-09-05,"[""SQ-09-05"", ""SQ-09-08""]",M14,"At authored gameplay distance: correct silhouette/scale, named sockets, simple collision, legal material/LOD budget, no missing source or license; integrate in earliest sequence and verify pause/reload.",Backlog,
GME-LEVER,GME,Shared one-hand lever family; rest/travel/latched states; visible mechanical linkage; interaction sockets,Gameplay + technical art,SQ-03-01,"[""SQ-03-01""]",M13,"Authoritative state and sockets match puzzle card; visible state agrees with collision, sound and save restore; no softlock under wrong-order use.",Backlog,
GME-TRAM,GME,Suspended transit carriage; bogie and support linkage; interior silhouettes; load-bearing deck interface,Gameplay + technical art,SQ-04-01,"[""SQ-04-01""]",M14,"Authoritative state and sockets match puzzle card; visible state agrees with collision, sound and save restore; no softlock under wrong-order use.",Backlog,
GME-BRACE,GME,Portable restraint mesh; palm contact; ceramic vane; range-tension animation; nonmagical signal cue; hand-fit rig,Gameplay + technical art,SQ-01-02,"[""SQ-01-02"", ""SQ-01-03""]",M10,"Authoritative state and sockets match puzzle card; visible state agrees with collision, sound and save restore; no softlock under wrong-order use.",Backlog,
GME-WALL-FITTING,GME,Standard single contact; exposed and covered mounting; cable socket; state vane; damaged porcelain reveal variant,Gameplay + technical art,SQ-01-01,"[""SQ-01-01"", ""SQ-03-04""]",M10,"Authoritative state and sockets match puzzle card; visible state agrees with collision, sound and save restore; no softlock under wrong-order use.",Backlog,
GME-ANCHOR,GME,Transfer socket; compatible load plate; occupied/free readable states; concealed bearer connection,Gameplay + technical art,SQ-03-01,"[""SQ-03-01"", ""SQ-03-02"", ""SQ-03-03"", ""SQ-04-02"", ""SQ-04-04"", ""SQ-05-03""]",M13,"Authoritative state and sockets match puzzle card; visible state agrees with collision, sound and save restore; no softlock under wrong-order use.",Backlog,
GME-SHUTTER,GME,Sliding shutter family; track; motor; contact; safe recess markers; swept crush volume; lower and upper stops,Gameplay + technical art,SQ-01-03,"[""SQ-01-03"", ""SQ-01-04"", ""SQ-04-03""]",M10,"Authoritative state and sockets match puzzle card; visible state agrees with collision, sound and save restore; no softlock under wrong-order use.",Backlog,
GME-ROTATOR,GME,Four-orientation rotating maintenance tread; axle; contact; walkable surfaces; bounded angle driver,Gameplay + technical art,SQ-01-03,"[""SQ-01-03""]",M10,"Authoritative state and sockets match puzzle card; visible state agrees with collision, sound and save restore; no softlock under wrong-order use.",Backlog,
GME-LANDING,GME,Hinged apartment landing; capture/support sockets; damaged edge; underfloor collision; transport load connection,Gameplay + technical art,SQ-01-02,"[""SQ-01-02""]",M10,"Authoritative state and sockets match puzzle card; visible state agrees with collision, sound and save restore; no softlock under wrong-order use.",Backlog,
GME-WINDSCREEN,GME,Broad hinged panel; wind driver; connected contact; recoverable fall shelf; clear walkable face,Gameplay + technical art,SQ-02-01,"[""SQ-02-01""]",M14,"Authoritative state and sockets match puzzle card; visible state agrees with collision, sound and save restore; no softlock under wrong-order use.",Backlog,
GME-SLUICE,GME,Main gate; guide; wheel/one-hand latch; level linkage; visible high/low overflow markers,Gameplay + technical art,SQ-02-02,"[""SQ-02-02""]",M14,"Authoritative state and sockets match puzzle card; visible state agrees with collision, sound and save restore; no softlock under wrong-order use.",Backlog,
GME-DIVERSION,GME,Latched branch gate; channel geometry; one-hand control; direction-readable flow outlet,Gameplay + technical art,SQ-02-02,"[""SQ-02-02""]",M14,"Authoritative state and sockets match puzzle card; visible state agrees with collision, sound and save restore; no softlock under wrong-order use.",Backlog,
GME-FLOAT,GME,Rail-guided work float; lower/upper stops; bounded buoyancy; stable foot surface,Gameplay + technical art,SQ-02-02,"[""SQ-02-02""]",M14,"Authoritative state and sockets match puzzle card; visible state agrees with collision, sound and save restore; no softlock under wrong-order use.",Backlog,
GME-PORTER-DRIVE,GME,Rail motor and exposed restraint contact; linked grate detector; actuator phase display through motion,Gameplay + technical art,SQ-02-03,"[""SQ-02-03""]",M14,"Authoritative state and sockets match puzzle card; visible state agrees with collision, sound and save restore; no softlock under wrong-order use.",Backlog,
GME-BRIDGE,GME,Laundry bridge assembly; hinge; transfer contact; receiving support; railings; clear traversal face,Gameplay + technical art,SQ-03-01,"[""SQ-03-01""]",M13,"Authoritative state and sockets match puzzle card; visible state agrees with collision, sound and save restore; no softlock under wrong-order use.",Backlog,
GME-DRYING-FRAME,GME,Sliding/rotating fabric rack; grip sockets; travel stops; interaction/camera clearance envelope,Gameplay + technical art,SQ-03-02,"[""SQ-03-02""]",M13,"Authoritative state and sockets match puzzle card; visible state agrees with collision, sound and save restore; no softlock under wrong-order use.",Backlog,
GME-WET-RACK,GME,Blanket rack with dry/wet mass state; drainage geometry; bounded weight coordinate; attached cables,Gameplay + technical art,SQ-03-03,"[""SQ-03-03""]",M13,"Authoritative state and sockets match puzzle card; visible state agrees with collision, sound and save restore; no softlock under wrong-order use.",Backlog,
GME-RINSE,GME,Redirectable rinse outlet; lever; readable stream; saturated-cloth driver link,Gameplay + technical art,SQ-03-03,"[""SQ-03-03""]",M13,"Authoritative state and sockets match puzzle card; visible state agrees with collision, sound and save restore; no softlock under wrong-order use.",Backlog,
GME-LIFT,GME,Counterweighted service lift; guide; car floor; gate; support socket; constrained vertical driver,Gameplay + technical art,SQ-03-03,"[""SQ-03-03""]",M13,"Authoritative state and sockets match puzzle card; visible state agrees with collision, sound and save restore; no softlock under wrong-order use.",Backlog,
GME-TILT-DECK,GME,Exchange deck; pivot; queue linkage; support point; controlled tilt; occupancy-safe limits,Gameplay + technical art,SQ-04-02,"[""SQ-04-02""]",M14,"Authoritative state and sockets match puzzle card; visible state agrees with collision, sound and save restore; no softlock under wrong-order use.",Backlog,
GME-JACK,GME,Mechanical service jack; crank requiring free hands; clear supported-state pawl; load plate,Gameplay + technical art,SQ-04-02,"[""SQ-04-02""]",M14,"Authoritative state and sockets match puzzle card; visible state agrees with collision, sound and save restore; no softlock under wrong-order use.",Backlog,
GME-GATE-CART,GME,Track-guided barrier cart; two-hand grip; one-hand brake; fixed end stop; obstruction collision,Gameplay + technical art,SQ-04-03,"[""SQ-04-03""]",M14,"Authoritative state and sockets match puzzle card; visible state agrees with collision, sound and save restore; no softlock under wrong-order use.",Backlog,
GME-HARNESS,GME,Exposed restraint brace; locked skeletal channels; torso control plus independent eyes/breath; shielded variant,Gameplay + technical art,SQ-04-03,"[""SQ-04-03""]",M14,"Authoritative state and sockets match puzzle card; visible state agrees with collision, sound and save restore; no softlock under wrong-order use.",Backlog,
GME-STAIR-PAWL,GME,Stair support ratchet; lever; visible engaged teeth; released-body linkage,Gameplay + technical art,SQ-04-04,"[""SQ-04-04""]",M14,"Authoritative state and sockets match puzzle card; visible state agrees with collision, sound and save restore; no softlock under wrong-order use.",Backlog,
GME-SWEEP-DRIVE,GME,Bounded counterweight sweep; safe floor pockets; contact and timed motor phases,Gameplay + technical art,SQ-05-01,"[""SQ-05-01""]",M14,"Authoritative state and sockets match puzzle card; visible state agrees with collision, sound and save restore; no softlock under wrong-order use.",Backlog,
GME-PAIRED-STATION,GME,Two-hand/foot interface; accessible approach; control pose; visible support and exit lock; safe cancellation,Gameplay + technical art,SQ-05-02,"[""SQ-05-02"", ""SQ-07-02"", ""SQ-08-04"", ""SQ-09-01""]",M09,"Authoritative state and sockets match puzzle card; visible state agrees with collision, sound and save restore; no softlock under wrong-order use.",Backlog,
GME-COUNTERWEIGHT,GME,Suspended masonry mass; suspension frame; authoritative drop coordinate; no cosmetic destruction dependency,Gameplay + technical art,SQ-05-01,"[""SQ-05-01"", ""SQ-05-03""]",M14,"Authoritative state and sockets match puzzle card; visible state agrees with collision, sound and save restore; no softlock under wrong-order use.",Backlog,
GME-RECEIVING-CRADLE,GME,Guided catch cradle; support stops; accepts released mass; linked lift cable; no bounce softlock,Gameplay + technical art,SQ-05-03,"[""SQ-05-03""]",M14,"Authoritative state and sockets match puzzle card; visible state agrees with collision, sound and save restore; no softlock under wrong-order use.",Backlog,
GME-LIFT-WALKWAY,GME,Walkable raised segment; cable linkage; receiving stop; bounded vertical movement,Gameplay + technical art,SQ-05-03,"[""SQ-05-03""]",M14,"Authoritative state and sockets match puzzle card; visible state agrees with collision, sound and save restore; no softlock under wrong-order use.",Backlog,
GME-SALVAGE-RELEASE,GME,One-hand release lever; suspended bundle; visible Porter capture path; persistent diverted state,Gameplay + technical art,SQ-05-04,"[""SQ-05-04""]",M14,"Authoritative state and sockets match puzzle card; visible state agrees with collision, sound and save restore; no softlock under wrong-order use.",Backlog,
GME-EXIT-PLATFORM,GME,Rail-driven escape platform linked to Porter motor; fixed alignment window; ride-safe collision,Gameplay + technical art,SQ-05-04,"[""SQ-05-04""]",M14,"Authoritative state and sockets match puzzle card; visible state agrees with collision, sound and save restore; no softlock under wrong-order use.",Backlog,
GME-WATER-VOLUME,GME,Bounded water regions; head-surface tests; port links; swimming/wetness/audio region definitions,Gameplay + technical art,SQ-06-01,"[""SQ-06-01"", ""SQ-06-02"", ""SQ-06-04"", ""SQ-08-02""]",M08,"Authoritative state and sockets match puzzle card; visible state agrees with collision, sound and save restore; no softlock under wrong-order use.",Backlog,
GME-AIR-BELL,GME,Guided open-bottom bell; pocket shell; viewing gap; internal latch; hose socket; roof guide,Gameplay + technical art,SQ-06-02,"[""SQ-06-02"", ""SQ-06-03""]",M08,"Authoritative state and sockets match puzzle card; visible state agrees with collision, sound and save restore; no softlock under wrong-order use.",Backlog,
GME-AIR-POCKET,GME,Moving retained-air volume; water-level/pose dependency; head-space preview; dock spill state,Gameplay + technical art,SQ-06-02,"[""SQ-06-02""]",M08,"Authoritative state and sockets match puzzle card; visible state agrees with collision, sound and save restore; no softlock under wrong-order use.",Backlog,
GME-BELL-WINCH,GME,Guided winch; lower/upper catches; contact; resumable phase; hose accommodation,Gameplay + technical art,SQ-06-02,"[""SQ-06-02"", ""SQ-06-03""]",M08,"Authoritative state and sockets match puzzle card; visible state agrees with collision, sound and save restore; no softlock under wrong-order use.",Backlog,
GME-DOCK-CRADLE,GME,Obsolete retrieve-and-tip dock; clear rotation hazard; tipped bell spill relationship; limit stops,Gameplay + technical art,SQ-06-03,"[""SQ-06-03""]",M08,"Authoritative state and sockets match puzzle card; visible state agrees with collision, sound and save restore; no softlock under wrong-order use.",Backlog,
GME-DRAIN-PUMP,GME,Chamber drain valve/pump; bounded water-level change; exposed wall record; safe outlet,Gameplay + technical art,SQ-06-04,"[""SQ-06-04""]",M08,"Authoritative state and sockets match puzzle card; visible state agrees with collision, sound and save restore; no softlock under wrong-order use.",Backlog,
GME-BODY-LINK,GME,Visible restraint linkage between mechanism and bearer; torso correction channel; tension-only presentation cable,Gameplay + technical art,SQ-07-01,"[""SQ-07-01""]",M14,"Authoritative state and sockets match puzzle card; visible state agrees with collision, sound and save restore; no softlock under wrong-order use.",Backlog,
GME-RECEIVING-FRAME,GME,Domestic support frame; movable in guided slot; clear lock; supports room without bearer,Gameplay + technical art,SQ-07-04,"[""SQ-07-04""]",M14,"Authoritative state and sockets match puzzle card; visible state agrees with collision, sound and save restore; no softlock under wrong-order use.",Backlog,
GME-BASIN-GATES,GME,Retained-water gates; supported/personal/root relationships; controlled opening phase; contact and seals,Gameplay + technical art,SQ-08-01,"[""SQ-08-01"", ""SQ-09-07""]",M14,"Authoritative state and sockets match puzzle card; visible state agrees with collision, sound and save restore; no softlock under wrong-order use.",Backlog,
GME-ROOT-SERVICE,GME,Root handover mounting; Anja socket; portable governor contact; protected release input affordance,Gameplay + technical art,SQ-07-03,"[""SQ-07-03""]",M14,"Authoritative state and sockets match puzzle card; visible state agrees with collision, sound and save restore; no softlock under wrong-order use.",Backlog,
GME-TEST-VALVE,GME,Limited proof-flow control; pressure gauge as readable movement; resettable test state; no irreversible early flood,Gameplay + technical art,SQ-08-02,"[""SQ-08-02""]",M14,"Authoritative state and sockets match puzzle card; visible state agrees with collision, sound and save restore; no softlock under wrong-order use.",Backlog,
GME-DEFLECTOR,GME,Guided discharge deflector; receiving stops; latched safe angle; visible unsafe/tested outlet paths,Gameplay + technical art,SQ-08-02,"[""SQ-08-02""]",M14,"Authoritative state and sockets match puzzle card; visible state agrees with collision, sound and save restore; no softlock under wrong-order use.",Backlog,
GME-DEBRIS-RACK,GME,Authored removable flow blockage; clear controls; guided debris state; pooled cosmetic fragments,Gameplay + technical art,SQ-08-02,"[""SQ-08-02""]",M14,"Authoritative state and sockets match puzzle card; visible state agrees with collision, sound and save restore; no softlock under wrong-order use.",Backlog,
GME-RECEIVING-PAD,GME,Inland foundation pad family; support ID; height/readability marks; activated/deployed state,Gameplay + technical art,SQ-08-03,"[""SQ-08-03"", ""SQ-09-03"", ""SQ-09-05""]",M14,"Authoritative state and sockets match puzzle card; visible state agrees with collision, sound and save restore; no softlock under wrong-order use.",Backlog,
GME-RELOCATION-PIN,GME,Obsolete hostel restraint; release handle; visible released/installed state; sequenced dependency,Gameplay + technical art,SQ-08-03,"[""SQ-08-03""]",M14,"Authoritative state and sockets match puzzle card; visible state agrees with collision, sound and save restore; no softlock under wrong-order use.",Backlog,
GME-GIRDER,GME,Low overhead obstruction; clearance envelope; visual underside scrape cues; no break-through solution,Gameplay + technical art,SQ-09-04,"[""SQ-09-04""]",M14,"Authoritative state and sockets match puzzle card; visible state agrees with collision, sound and save restore; no softlock under wrong-order use.",Backlog,
GME-PORCH,GME,Ward entrance ramp; kneel-to-ground relationship; cohort exit portal; collision lock at support,Gameplay + technical art,SQ-09-05,"[""SQ-09-05""]",M14,"Authoritative state and sockets match puzzle card; visible state agrees with collision, sound and save restore; no softlock under wrong-order use.",Backlog,
GME-SUPPORT-LOCK,GME,Ward mechanical lock; load-transfer indicator; prevents station exit before safe support,Gameplay + technical art,SQ-05-02,"[""SQ-05-02"", ""SQ-07-02"", ""SQ-07-04"", ""SQ-08-03"", ""SQ-08-04"", ""SQ-09-03"", ""SQ-09-04""]",M14,"Authoritative state and sockets match puzzle card; visible state agrees with collision, sound and save restore; no softlock under wrong-order use.",Backlog,
GME-ROOT-GOVERNOR,GME,Unloaded final sequencing governor; single contact; guarded handover/release state; root gate dependency,Gameplay + technical art,SQ-09-06,"[""SQ-09-06""]",M14,"Authoritative state and sockets match puzzle card; visible state agrees with collision, sound and save restore; no softlock under wrong-order use.",Backlog,
GME-ESCAPE-STAIR,GME,Settling stair route; short authored collapses; stable retry ledges; post-release state variants,Gameplay + technical art,SQ-09-07,"[""SQ-09-07""]",M14,"Authoritative state and sockets match puzzle card; visible state agrees with collision, sound and save restore; no softlock under wrong-order use.",Backlog,
GME-ORDINARY-GATE,GME,Dead-terminal exit gate; manual hinge; Orren grip sockets; voluntary hold and release,Gameplay + technical art,SQ-09-08,"[""SQ-09-08""]",M14,"Authoritative state and sockets match puzzle card; visible state agrees with collision, sound and save restore; no softlock under wrong-order use.",Backlog,
RIG-TRANSPORT,RIG,Anja transport carriage; harness; rail wheels; transfer connection; two Custodian handling sockets,Technical art + animation,SQ-01-02,"[""SQ-01-02""]",M10,All authored poses and support contacts pass with no player/cohort penetration; pause/load and reduced-motion presentation remain valid.,Backlog,
RIG-PORTER,RIG,Overhead rescue rail carriage; arms made of machinery; catch cradle; hose; rail reach and capture envelopes,Technical art + animation,SQ-02-03,"[""SQ-02-03"", ""SQ-05-04"", ""SQ-06-03""]",M06,All authored poses and support contacts pass with no player/cohort penetration; pause/load and reduced-motion presentation remain valid.,Backlog,
RIG-CARRIER,RIG,Small quarry balance carrier; articulated shoes; paired station mount; parking lock; tilt/route controls,Technical art + animation,SQ-05-02,"[""SQ-05-02""]",M09,All authored poses and support contacts pass with no player/cohort penetration; pause/load and reduced-motion presentation remain valid.,Backlog,
RIG-DOMESTIC-ROOM,RIG,Movable room assembly; constrained wall/floor; paired interface; receiving-frame contact; local props,Technical art + animation,SQ-07-02,"[""SQ-07-02"", ""SQ-07-04""]",M14,All authored poses and support contacts pass with no player/cohort penetration; pause/load and reduced-motion presentation remain valid.,Backlog,
RIG-ROOT,RIG,Integrated root installation; mechanical collar; distributed contacts; Anja proxies; force-state presentation,Technical art + animation,SQ-07-03,"[""SQ-07-03"", ""SQ-09-06""]",M14,All authored poses and support contacts pass with no player/cohort penetration; pause/load and reduced-motion presentation remain valid.,Backlog,
RIG-WARD,RIG,Hostel shell; four hydraulic relocation shoes; guided gait; two chimneys; service cradle; rooms; crouch; porch; support locks,Technical art + animation,SQ-08-03,"[""SQ-08-03"", ""SQ-08-04"", ""SQ-09-01"", ""SQ-09-02"", ""SQ-09-03"", ""SQ-09-04"", ""SQ-09-05""]",M09,All authored poses and support contacts pass with no player/cohort penetration; pause/load and reduced-motion presentation remain valid.,Backlog,
PRP-CHAIR,PRP,Lightweight kitchen chair; grip; safe slide; cover access; shared noncritical chair variations,Environment/prop art,SQ-01-01,"[""SQ-01-01""]",M10,"At authored gameplay distance: correct silhouette/scale, named sockets, simple collision, legal material/LOD budget, no missing source or license; integrate in earliest sequence and verify pause/reload.",Backlog,
PRP-CUP,PRP,Cup/spoon domestic motif; small impact and vibration; Ward contained-physics variant,Environment/prop art,SQ-01-01,"[""SQ-01-01"", ""SQ-09-02""]",M10,"At authored gameplay distance: correct silhouette/scale, named sockets, simple collision, legal material/LOD budget, no missing source or license; integrate in earliest sequence and verify pause/reload.",Backlog,
PRP-ANJA-CUFF,PRP,Double-stitched sleeve identifier matched across human and integrated presentations,Environment/prop art,SQ-07-03,"[""SQ-07-03"", ""SQ-09-06""]",M14,"At authored gameplay distance: correct silhouette/scale, named sockets, simple collision, legal material/LOD budget, no missing source or license; integrate in earliest sequence and verify pause/reload.",Backlog,
PRP-REED-SCREEN,PRP,Lightweight garden screening; wind deformation; distinct from connected puzzle panel,Environment/prop art,SQ-02-01,"[""SQ-02-01""]",M14,"At authored gameplay distance: correct silhouette/scale, named sockets, simple collision, legal material/LOD budget, no missing source or license; integrate in earliest sequence and verify pause/reload.",Backlog,
PRP-SACK,PRP,Supply sack; first Porter demonstration target; catch-compatible shape; soft-looking but bounded motion,Environment/prop art,SQ-02-03,"[""SQ-02-03""]",M14,"At authored gameplay distance: correct silhouette/scale, named sockets, simple collision, legal material/LOD budget, no missing source or license; integrate in earliest sequence and verify pause/reload.",Backlog,
PRP-GROCERY,PRP,Resident basket and parcels; background ordinary life; noninteractive collision-free dressing,Environment/prop art,SQ-02-04,"[""SQ-02-04""]",M14,"At authored gameplay distance: correct silhouette/scale, named sockets, simple collision, legal material/LOD budget, no missing source or license; integrate in earliest sequence and verify pause/reload.",Backlog,
PRP-LAUNDRY-CART,PRP,Trolley shell; wheels; cloth piles; optional guided push; readable solid cover,Environment/prop art,SQ-03-01,"[""SQ-03-01""]",M13,"At authored gameplay distance: correct silhouette/scale, named sockets, simple collision, legal material/LOD budget, no missing source or license; integrate in earliest sequence and verify pause/reload.",Backlog,
PRP-SHEET,PRP,Thin wet translucent and thick opaque variants; silhouette behavior authored for stealth,Environment/prop art,SQ-03-02,"[""SQ-03-02""]",M13,"At authored gameplay distance: correct silhouette/scale, named sockets, simple collision, legal material/LOD budget, no missing source or license; integrate in earliest sequence and verify pause/reload.",Backlog,
PRP-BLANKET,PRP,Dry/wet material and shape; rack attachment; mass-state visual cue,Environment/prop art,SQ-03-02,"[""SQ-03-02""]",M13,"At authored gameplay distance: correct silhouette/scale, named sockets, simple collision, legal material/LOD budget, no missing source or license; integrate in earliest sequence and verify pause/reload.",Backlog,
PRP-PORCELAIN-SHARD,PRP,Tiny broken cover piece; snag/reveal interaction; readable shape without sparkle,Environment/prop art,SQ-03-04,"[""SQ-03-04""]",M13,"At authored gameplay distance: correct silhouette/scale, named sockets, simple collision, legal material/LOD budget, no missing source or license; integrate in earliest sequence and verify pause/reload.",Backlog,
PRP-LUGGAGE,PRP,Bags/cases/cart loads for exchange; restricted silhouette clutter; no random route blockage,Environment/prop art,SQ-04-01,"[""SQ-04-01""]",M14,"At authored gameplay distance: correct silhouette/scale, named sockets, simple collision, legal material/LOD budget, no missing source or license; integrate in earliest sequence and verify pause/reload.",Backlog,
PRP-ORREN-PROPS,PRP,Bent shoe and missing-button coat variants; continuous identity at release/evacuation/gate,Environment/prop art,SQ-04-04,"[""SQ-04-04""]",M14,"At authored gameplay distance: correct silhouette/scale, named sockets, simple collision, legal material/LOD budget, no missing source or license; integrate in earliest sequence and verify pause/reload.",Backlog,
PRP-GANTRY,PRP,Steel background gantry family; cable guides; readable distant support mass,Environment/prop art,SQ-05-01,"[""SQ-05-01""]",M14,"At authored gameplay distance: correct silhouette/scale, named sockets, simple collision, legal material/LOD budget, no missing source or license; integrate in earliest sequence and verify pause/reload.",Backlog,
PRP-FLOAT-CHAIR,PRP,Guided decorative floating chair; water-level response; harmless to swimmer route,Environment/prop art,SQ-06-01,"[""SQ-06-01""]",M08,"At authored gameplay distance: correct silhouette/scale, named sockets, simple collision, legal material/LOD budget, no missing source or license; integrate in earliest sequence and verify pause/reload.",Backlog,
PRP-FLOOD-MARK,PRP,Old waterline decals; salt band; repaint layering; consistent height across connected spaces,Environment/prop art,SQ-08-01,"[""SQ-08-01""]",M14,"At authored gameplay distance: correct silhouette/scale, named sockets, simple collision, legal material/LOD budget, no missing source or license; integrate in earliest sequence and verify pause/reload.",Backlog,
PRP-OLD-HARNESS,PRP,Removed restraint silhouettes; mounting scars; abandoned covers; visual institutional history,Environment/prop art,SQ-06-04,"[""SQ-06-04""]",M08,"At authored gameplay distance: correct silhouette/scale, named sockets, simple collision, legal material/LOD budget, no missing source or license; integrate in earliest sequence and verify pause/reload.",Backlog,
PRP-BED,PRP,Dormitory bed; local Ward contact points; survivor brace socket; no free heavy projectile,Environment/prop art,SQ-07-02,"[""SQ-07-02""]",M14,"At authored gameplay distance: correct silhouette/scale, named sockets, simple collision, legal material/LOD budget, no missing source or license; integrate in earliest sequence and verify pause/reload.",Backlog,
PRP-CUPBOARD,PRP,Ward cupboard with bounded hinged door; catch and settle states; controlled interior clutter,Environment/prop art,SQ-07-02,"[""SQ-07-02"", ""SQ-09-02""]",M14,"At authored gameplay distance: correct silhouette/scale, named sockets, simple collision, legal material/LOD budget, no missing source or license; integrate in earliest sequence and verify pause/reload.",Backlog,
PRP-PALE-CURTAIN,PRP,"Landmark curtain with consistent tear and color; far proxy, near cloth and Ward-motion variants",Environment/prop art,SQ-08-04,"[""SQ-08-04"", ""SQ-09-02""]",M14,"At authored gameplay distance: correct silhouette/scale, named sockets, simple collision, legal material/LOD budget, no missing source or license; integrate in earliest sequence and verify pause/reload.",Backlog,
FX-RAIN,FX,Sparse rain layers; contact splashes; always moves during Hold; quality-scalable without hiding routes,VFX + technical art,SQ-08-01,"[""SQ-08-01""]",M14,"At authored gameplay distance: correct silhouette/scale, named sockets, simple collision, legal material/LOD budget, no missing source or license; integrate in earliest sequence and verify pause/reload.",Backlog,
FX-DUST,FX,Falling dust/motes; Hold distinction; no global freeze; bounded pooled emitter,VFX + technical art,SQ-01-03,"[""SQ-01-03"", ""SQ-03-04""]",M10,"At authored gameplay distance: correct silhouette/scale, named sockets, simple collision, legal material/LOD budget, no missing source or license; integrate in earliest sequence and verify pause/reload.",Backlog,
FX-WIND,FX,Reed/cloth motion field and grit; decorative motion independent of restraint,VFX + technical art,SQ-02-01,"[""SQ-02-01""]",M14,"At authored gameplay distance: correct silhouette/scale, named sockets, simple collision, legal material/LOD budget, no missing source or license; integrate in earliest sequence and verify pause/reload.",Backlog,
FX-WATER-FLOW,FX,Inlet/diversion/discharge stream meshes and particles; parameters from water graph,VFX + technical art,SQ-02-02,"[""SQ-02-02"", ""SQ-03-03"", ""SQ-08-02""]",M14,"At authored gameplay distance: correct silhouette/scale, named sockets, simple collision, legal material/LOD budget, no missing source or license; integrate in earliest sequence and verify pause/reload.",Backlog,
FX-CABLE,FX,Cable tension and small oscillation; owner/load response; no luminous energy tether,VFX + technical art,SQ-02-03,"[""SQ-02-03"", ""SQ-05-02"", ""SQ-09-04""]",M14,"At authored gameplay distance: correct silhouette/scale, named sockets, simple collision, legal material/LOD budget, no missing source or license; integrate in earliest sequence and verify pause/reload.",Backlog,
FX-CONTACT,FX,"Tiny contact glint, ceramic vane response and fingertip pressure; clear without bloom dependence",VFX + technical art,SQ-07-01,"[""SQ-07-01""]",M14,"At authored gameplay distance: correct silhouette/scale, named sockets, simple collision, legal material/LOD budget, no missing source or license; integrate in earliest sequence and verify pause/reload.",Backlog,
FX-CHALK,FX,"Pale quarry dust, grit and chips; impact response at receiving mass",VFX + technical art,SQ-05-01,"[""SQ-05-01"", ""SQ-05-04""]",M14,"At authored gameplay distance: correct silhouette/scale, named sockets, simple collision, legal material/LOD budget, no missing source or license; integrate in earliest sequence and verify pause/reload.",Backlog,
FX-IMPACT,FX,Material impact particles; bounded debris pools; ground contact lighting response,VFX + technical art,SQ-05-03,"[""SQ-05-03""]",M14,"At authored gameplay distance: correct silhouette/scale, named sockets, simple collision, legal material/LOD budget, no missing source or license; integrate in earliest sequence and verify pause/reload.",Backlog,
FX-BUBBLES,FX,Swim/bell bubble cues; air loss and breathing event tags; capped particle count,VFX + technical art,SQ-06-02,"[""SQ-06-02""]",M08,"At authored gameplay distance: correct silhouette/scale, named sockets, simple collision, legal material/LOD budget, no missing source or license; integrate in earliest sequence and verify pause/reload.",Backlog,
FX-SILT,FX,Underwater local disturbance with recovery fade; never hides essential destination indefinitely,VFX + technical art,SQ-06-01,"[""SQ-06-01""]",M08,"At authored gameplay distance: correct silhouette/scale, named sockets, simple collision, legal material/LOD budget, no missing source or license; integrate in earliest sequence and verify pause/reload.",Backlog,
FX-WATER-MARK,FX,Exposed wet/dry edge following drained region; environmental record reveal,VFX + technical art,SQ-06-04,"[""SQ-06-04""]",M08,"At authored gameplay distance: correct silhouette/scale, named sockets, simple collision, legal material/LOD budget, no missing source or license; integrate in earliest sequence and verify pause/reload.",Backlog,
FX-DRIPS,FX,Persistent droplets and water trails after leaving submerged area; wetness decay,VFX + technical art,SQ-02-04,"[""SQ-02-04""]",M14,"At authored gameplay distance: correct silhouette/scale, named sockets, simple collision, legal material/LOD budget, no missing source or license; integrate in earliest sequence and verify pause/reload.",Backlog,
FX-SEA,FX,Calm outside sea surface and sparse foam; distinct from retained basin; low horizon movement,VFX + technical art,SQ-08-01,"[""SQ-08-01"", ""SQ-09-08""]",M14,"At authored gameplay distance: correct silhouette/scale, named sockets, simple collision, legal material/LOD budget, no missing source or license; integrate in earliest sequence and verify pause/reload.",Backlog,
FX-DISCHARGE,FX,"Final gate outflow, spray and debris response; follows proofed route and authored phase",VFX + technical art,SQ-09-07,"[""SQ-09-07""]",M14,"At authored gameplay distance: correct silhouette/scale, named sockets, simple collision, legal material/LOD budget, no missing source or license; integrate in earliest sequence and verify pause/reload.",Backlog,
FX-WARD-DUST,FX,Foundation dust and interior settling on First Step; per-support origins; controlled opacity,VFX + technical art,SQ-09-02,"[""SQ-09-02"", ""SQ-09-03""]",M14,"At authored gameplay distance: correct silhouette/scale, named sockets, simple collision, legal material/LOD budget, no missing source or license; integrate in earliest sequence and verify pause/reload.",Backlog,
FX-SETTLE,FX,Post-release small structural settling; no undeclared lethal cosmetic rubble,VFX + technical art,SQ-09-07,"[""SQ-09-07""]",M14,"At authored gameplay distance: correct silhouette/scale, named sockets, simple collision, legal material/LOD budget, no missing source or license; integrate in earliest sequence and verify pause/reload.",Backlog,
MAT-SURFACES,MAT,"Shared matte concrete, chalk, painted steel, wet stone, cloth, skin and porcelain masters; bounded local wear",Technical art,Shared,[],M13,"At authored gameplay distance: correct silhouette/scale, named sockets, simple collision, legal material/LOD budget, no missing source or license; integrate in earliest sequence and verify pause/reload.",Backlog,
MAT-WATER,MAT,"Bounded water shader, reflection/refraction quality levels, surface/head alignment debug",Technical art,Shared,[],M08,"At authored gameplay distance: correct silhouette/scale, named sockets, simple collision, legal material/LOD budget, no missing source or license; integrate in earliest sequence and verify pause/reload.",Backlog,
MAT-GLASS,MAT,Simple pane/frosted-glass material; transparent sorting reviewed in sheet and water scenes,Technical art,Shared,[],M13,"At authored gameplay distance: correct silhouette/scale, named sockets, simple collision, legal material/LOD budget, no missing source or license; integrate in earliest sequence and verify pause/reload.",Backlog,
MAT-FOG,MAT,Layered depth fog and local light shafts; quality and accessibility variants,Technical art,Shared,[],M13,"At authored gameplay distance: correct silhouette/scale, named sockets, simple collision, legal material/LOD budget, no missing source or license; integrate in earliest sequence and verify pause/reload.",Backlog,
LGT-PROFILES,LGT,Nine chapter lighting profiles plus reveal/underwater/root presets; grayscale read tests,Lighting,Shared,[],M13,"At authored gameplay distance: correct silhouette/scale, named sockets, simple collision, legal material/LOD budget, no missing source or license; integrate in earliest sequence and verify pause/reload.",Backlog,
ENV-HOSTEL-PROXY,ENV,Distant hostel LOD/proxy with two chimneys and pale curtain; no duplicate gameplay authority,Environment art,Shared,[],M14,"At authored gameplay distance: correct silhouette/scale, named sockets, simple collision, legal material/LOD budget, no missing source or license; integrate in earliest sequence and verify pause/reload.",Backlog,
ENV-SHARED-PIPES,ENV,Straight/elbow/tee/valve pipe kit; wall and ceiling mounts; scale convention,Environment art,Shared,[],M14,"At authored gameplay distance: correct silhouette/scale, named sockets, simple collision, legal material/LOD budget, no missing source or license; integrate in earliest sequence and verify pause/reload.",Backlog,
ENV-SHARED-RAILS,ENV,Railing/handrail/conduit modular kit; socket-compatible corners and damaged ends,Environment art,Shared,[],M14,"At authored gameplay distance: correct silhouette/scale, named sockets, simple collision, legal material/LOD budget, no missing source or license; integrate in earliest sequence and verify pause/reload.",Backlog,
ENV-SHARED-DOORS,ENV,Domestic/service doors and frames; clearance and grip sockets; closed/open variants,Environment art,Shared,[],M14,"At authored gameplay distance: correct silhouette/scale, named sockets, simple collision, legal material/LOD budget, no missing source or license; integrate in earliest sequence and verify pause/reload.",Backlog,
ENV-SHARED-FIXTURES,ENV,"Lamps, meters, terminal housings and signs; limited readable civic icon set",Environment art,Shared,[],M14,"At authored gameplay distance: correct silhouette/scale, named sockets, simple collision, legal material/LOD budget, no missing source or license; integrate in earliest sequence and verify pause/reload.",Backlog,
UI-BOOT,UI,"Title, initial brightness, input device prompt and first-run accessibility entry",UI/UX + gameplay,Shared,[],M15,"Controller/keyboard navigation, remap, text expansion, scale and safe-area pass; settings survive restart and do not cause irreversible input.",Backlog,
UI-MAIN,UI,New/continue/slots/settings/credits/quit screens; keyboard/controller focus; safe-area support,UI/UX + gameplay,Shared,[],M15,"Controller/keyboard navigation, remap, text expansion, scale and safe-area pass; settings survive restart and do not cause irreversible input.",Backlog,
UI-PAUSE,UI,Resume/restart/settings/quit; clear restart confirmation and protected root behavior,UI/UX + gameplay,Shared,[],M15,"Controller/keyboard navigation, remap, text expansion, scale and safe-area pass; settings survive restart and do not cause irreversible input.",Backlog,
UI-SETTINGS,UI,"Remap, toggle Hold/grip, breath assist, reduced motion, captions, mix, brightness and display menus",UI/UX + gameplay,Shared,[],M15,"Controller/keyboard navigation, remap, text expansion, scale and safe-area pass; settings survive restart and do not cause irreversible input.",Backlog,
UI-GLYPHS,UI,"Licensed or original keyboard/controller glyph atlas; switch by active device, readable scales",UI/UX + gameplay,Shared,[],M15,"Controller/keyboard navigation, remap, text expansion, scale and safe-area pass; settings survive restart and do not cause irreversible input.",Backlog,
UI-CAPTIONS,UI,Directional non-dialogue sound captions; size/background controls; critical cue priority,UI/UX + gameplay,Shared,[],M15,"Controller/keyboard navigation, remap, text expansion, scale and safe-area pass; settings survive restart and do not cause irreversible input.",Backlog,
UI-SAVE,UI,Small saving/failure/recovery indicators; no intrusive checkpoint ceremony,UI/UX + gameplay,Shared,[],M15,"Controller/keyboard navigation, remap, text expansion, scale and safe-area pass; settings survive restart and do not cause irreversible input.",Backlog,
UI-ERROR,UI,"Corrupt save, disk failure and incompatible version recovery panels; preserve old progress",UI/UX + gameplay,Shared,[],M15,"Controller/keyboard navigation, remap, text expansion, scale and safe-area pass; settings survive restart and do not cause irreversible input.",Backlog,
UI-CREDITS,UI,Scroll and licenses; skippable after ending; no required lore or sequel reveal,UI/UX + gameplay,Shared,[],M15,"Controller/keyboard navigation, remap, text expansion, scale and safe-area pass; settings survive restart and do not cause irreversible input.",Backlog,
UI-ROOT-CONFIRM,UI,Accessible deliberate release affordance; re-arm after pause/focus/device loss,UI/UX + gameplay,Shared,[],M15,"Controller/keyboard navigation, remap, text expansion, scale and safe-area pass; settings survive restart and do not cause irreversible input.",Backlog,
UI-INPUT-HELP,UI,Minimal contextual first-use prompts; fade after confirmed use; replayable help in pause,UI/UX + gameplay,Shared,[],M15,"Controller/keyboard navigation, remap, text expansion, scale and safe-area pass; settings survive restart and do not cause irreversible input.",Backlog,
CIN-OPENING,CIN,Event-relative kitchen/landing/transport camera and interaction phase asset,Direction + animation,Shared,[],M14,"At authored gameplay distance: correct silhouette/scale, named sockets, simple collision, legal material/LOD budget, no missing source or license; integrate in earliest sequence and verify pause/reload.",Backlog,
CIN-FINGER,CIN,"Porcelain snag, fragment and living fingernail reveal; optional observation hold",Direction + animation,Shared,[],M14,"At authored gameplay distance: correct silhouette/scale, named sockets, simple collision, legal material/LOD budget, no missing source or license; integrate in earliest sequence and verify pause/reload.",Backlog,
CIN-EYES,CIN,Conscious restraint gaze event; body/micro-motion separation test,Direction + animation,Shared,[],M14,"At authored gameplay distance: correct silhouette/scale, named sockets, simple collision, legal material/LOD budget, no missing source or license; integrate in earliest sequence and verify pause/reload.",Backlog,
CIN-ANJA,CIN,"Cuff recognition, two taps, failed extraction and refusal sequence; interrupt-safe phases",Direction + animation,Shared,[],M14,"At authored gameplay distance: correct silhouette/scale, named sockets, simple collision, legal material/LOD budget, no missing source or license; integrate in earliest sequence and verify pause/reload.",Backlog,
CIN-SEA,CIN,Camera reveal contrasting retained basin with calm lower sea; continuous control,Direction + animation,Shared,[],M14,"At authored gameplay distance: correct silhouette/scale, named sockets, simple collision, legal material/LOD budget, no missing source or license; integrate in earliest sequence and verify pause/reload.",Backlog,
CIN-FIRST-STEP,CIN,Progress-driven pullback; room reactions; domestic prop cue; reduced-motion variant,Direction + animation,Shared,[],M14,"At authored gameplay distance: correct silhouette/scale, named sockets, simple collision, legal material/LOD budget, no missing source or license; integrate in earliest sequence and verify pause/reload.",Backlog,
CIN-ROOT,CIN,"Handover, goodbye, deliberate release and postrelease recovery phase assets",Direction + animation,Shared,[],M14,"At authored gameplay distance: correct silhouette/scale, named sockets, simple collision, legal material/LOD budget, no missing source or license; integrate in earliest sequence and verify pause/reload.",Backlog,
CIN-END,CIN,Ordinary gate and offered hand; final walking and fade; no loss of agency before gesture,Direction + animation,Shared,[],M14,"At authored gameplay distance: correct silhouette/scale, named sockets, simple collision, legal material/LOD budget, no missing source or license; integrate in earliest sequence and verify pause/reload.",Backlog,
FX-FOOT-CONTACT,FX,Surface-specific dust/splash traces; animation foot-contact event integration,VFX + technical art,Shared,[],M14,"At authored gameplay distance: correct silhouette/scale, named sockets, simple collision, legal material/LOD budget, no missing source or license; integrate in earliest sequence and verify pause/reload.",Backlog,
FX-LIGHT-RESPONSE,FX,Selected fixture flicker/rim response to mass impacts; no random epilepsy-inducing strobe,VFX + technical art,Shared,[],M14,"At authored gameplay distance: correct silhouette/scale, named sockets, simple collision, legal material/LOD budget, no missing source or license; integrate in earliest sequence and verify pause/reload.",Backlog,
PRP-PORCELAIN-COVERS,PRP,Intact/cracked/removed cover states for repeated institutional fitting language,Environment/prop art,Shared,[],M14,"At authored gameplay distance: correct silhouette/scale, named sockets, simple collision, legal material/LOD budget, no missing source or license; integrate in earliest sequence and verify pause/reload.",Backlog,
PRP-TOOLS,PRP,"Anja's screwdriver, cover fasteners and small repair tray; opening contact scale",Environment/prop art,Shared,[],M14,"At authored gameplay distance: correct silhouette/scale, named sockets, simple collision, legal material/LOD budget, no missing source or license; integrate in earliest sequence and verify pause/reload.",Backlog,
PRP-SIGNAGE,PRP,Original evacuation/relief/safety symbols and sparse local text; localization-safe optional language,Environment/prop art,Shared,[],M14,"At authored gameplay distance: correct silhouette/scale, named sockets, simple collision, legal material/LOD budget, no missing source or license; integrate in earliest sequence and verify pause/reload.",Backlog,
PRP-HANDRAIL,PRP,Human-worn hand-contact finish and double-tap sound surface; reused throughout route,Environment/prop art,Shared,[],M14,"At authored gameplay distance: correct silhouette/scale, named sockets, simple collision, legal material/LOD budget, no missing source or license; integrate in earliest sequence and verify pause/reload.",Backlog,
PRP-INTERIOR-LOOSE,PRP,"Controlled Ward dishes, books and small parcels; containment pools, no lethal projectiles",Environment/prop art,Shared,[],M14,"At authored gameplay distance: correct silhouette/scale, named sockets, simple collision, legal material/LOD budget, no missing source or license; integrate in earliest sequence and verify pause/reload.",Backlog,
DATA-COHORT,DATA,"Twelve stable survivor IDs, look variants, release facts and route presentation configurations",Design + engineering,Shared,[],M14,"At authored gameplay distance: correct silhouette/scale, named sockets, simple collision, legal material/LOD budget, no missing source or license; integrate in earliest sequence and verify pause/reload.",Backlog,
DATA-CAMERA,DATA,"Sequence camera volumes, emphasis targets, occlusion masks and reveal paths",Design + engineering,Shared,[],M14,"At authored gameplay distance: correct silhouette/scale, named sockets, simple collision, legal material/LOD budget, no missing source or license; integrate in earliest sequence and verify pause/reload.",Backlog,
DATA-PUZZLES,DATA,"Thirty-one puzzle definitions, initial states, support graphs and exit predicates",Design + engineering,Shared,[],M14,"At authored gameplay distance: correct silhouette/scale, named sockets, simple collision, legal material/LOD budget, no missing source or license; integrate in earliest sequence and verify pause/reload.",Backlog,
DATA-CHECKPOINTS,DATA,Forty primary checkpoint definitions plus authored internal safe phases,Design + engineering,Shared,[],M14,"At authored gameplay distance: correct silhouette/scale, named sockets, simple collision, legal material/LOD budget, no missing source or license; integrate in earliest sequence and verify pause/reload.",Backlog,
DATA-AUDIO,DATA,"Cue router definitions, buses, mixes, priorities, captions and phase mapping",Design + engineering,Shared,[],M14,"At authored gameplay distance: correct silhouette/scale, named sockets, simple collision, legal material/LOD budget, no missing source or license; integrate in earliest sequence and verify pause/reload.",Backlog,
DATA-LOCALIZATION,DATA,"Stable strings, glyph metadata, captions and UI layout expansion tests",Design + engineering,Shared,[],M14,"At authored gameplay distance: correct silhouette/scale, named sockets, simple collision, legal material/LOD budget, no missing source or license; integrate in earliest sequence and verify pause/reload.",Backlog,
BUILD-STORE,BUILD,"Original key art/capsule plan, truthful screenshots/trailer capture, description, disclosures and credits",Production,Shared,[],M18,"At authored gameplay distance: correct silhouette/scale, named sockets, simple collision, legal material/LOD budget, no missing source or license; integrate in earliest sequence and verify pause/reload.",Backlog,
BUILD-LICENSES,BUILD,"Third-party inventory, source permissions, legal notices and attribution records",Production,Shared,[],M18,"At authored gameplay distance: correct silhouette/scale, named sockets, simple collision, legal material/LOD budget, no missing source or license; integrate in earliest sequence and verify pause/reload.",Backlog,
