id,name,minutes,span,question,look,new,landmark,transition
C01,The Upper Terrace,18,0–18,Where are they taking Mother?,Intimate ash-blue domestic rooms; damp stair concrete; one warm practical light.,"Direct Hold, trust in movement, first readable pursuit.",Hostel visible across the district at exit.,Service door opens onto wind and allotment roofs.
C02,The Tidal Gardens,22,18–40,Why does safety equipment hunt a child?,"Horizontal reed screens, salt earth, wind and open gray sky.","Flow diversion, environmental autonomy, load-sensing Porter.",Two uneven hostel chimneys beyond vegetable beds.,Runoff culvert rises into laundry ventilation.
C03,The Laundryworks,24,40–64,Who keeps an anchored burden still?,"Hanging fabric layers, matte concrete, quiet amber task lighting.","Transfer, cloth visibility, wet mass and the porcelain reveal.",Hostel curtain glimpsed through a high exterior vent.,Linen dispatch tunnel enters the passenger exchange.
C04,The Passenger Exchange,25,64–89,Can a person be controlled and still be aware?,Ordered public geometry; pale concourse over dark occupied waiting rails.,"Compensating crowd, conscious restraint, independent relief.",Hostel facade appears beyond a tram terminal window.,Maintenance stair descends behind transit counterweights.
C05,The Counterweight Cut,27,89–116,What happens when the structure follows my balance?,"Pale chalk, large negative space, dark suspended masses.","Paired interface, controlled impact, repeated threat with new geometry.",Hostel relocation shoes glimpsed from below without revealing the whole.,Chalk slide leads to the submerged original street.
C06,The Drowned Street,27,116–143,Can I move a place to breathe rather than conquer the water?,"Green-gray water, submerged ordinary shopfronts, bands of weak daylight.","Swim, air pocket, buoyancy, obsolete rescue route.",Hostel curtain seen above a gap in later construction.,A drained service room exposes bearer access.
C07,The Burden House,27,143–170,Can I relieve Mother without becoming her replacement?,"Close domestic backs, dry dust, body-sized cavities, pressure and contact.","Recognized machine rhythms, room-scale balance, irreversible root conversion.",Survivors enter the hostel through a high opening.,Root-load conduit follows a passage into the seawall.
C08,The Unfinished Sea,25,170–195,What must change before it is safe to let go?,Cool retained basin contrasted with low ordinary sea; broad horizon.,"System-scale causality, tested discharge, receiving pads, open cradle.","Hostel and route now shown as a mechanical problem, not yet a full body.",Ivo enters the hostel service cradle without a loading break.
C09,The First Step,30,195–225,Can I carry these people until nobody has to hold them?,"Recognizable rooms become articulated architecture, then return to human scale.","Occupied building control, kneeling evacuation, root release and voluntary help.",The familiar two chimneys and curtain identify the Walking Ward.,"Ordinary footsteps, accepted hand, darkness, then credits."
