id,chapter,title,minutes,puzzles,blockout,actors,initial_state,storyboard,solution,threat_and_recovery,narrative,audio,checkpoint,save_contract,exit,acceptance,start_min,end_min
SQ-01-01,C01,A small thing that will not stay still,4,"[""PZ-01""]","Kitchen 10 × 3.6 × 5 m, playable lane z=0. Chair at x=2.8, door x=4.0, fitting x=6.0 at hand height 1.05. A cup sits in the near background, not on the collision route.","[""CHR-IVO"", ""CHR-ANJA"", ""ENV-TERRACE"", ""PRP-CHAIR"", ""PRP-CUP"", ""GME-WALL-FITTING""]",No brace. Door obstructed by a light chair constrained to a 1.2 m drag rail. Anja waits at the fitting. Spoon vibration is cosmetic and runs on an independent ambient phase.,"A / Opening side-on frame; Ivo on left third, Anja center-right, moving washing outside a dark window. Directional control is live at approximately second 3. B / Camera follows only after he moves; chair and blocked door share the frame. C / A small push-in at the fitting reveals the two-tap contact while keeping Ivo controllable after the hand animation.","Move to the chair; hold Interact and drag left until the door clearance strip is exposed. Release grip, pass the door and approach the low cover Anja is holding. Interact steadies the cover for a brief contextual hand contact; Anja replaces its latch. The response commits when the hands meet, not after a long uninterruptible flourish. Two taps occur on contact; waiting elsewhere does not advance the evacuation. Afterward the alarm can begin when Ivo turns toward the hall. No pixel-sized pick-up item or cabinet search.","Nonlethal. The chair cannot tip into a softlock or be pushed through the exit. Anja has wait, look and repair loops rather than repeating a greeting. Repeated interaction plays a small acknowledgement, not another full scene.","Makes repair and temporary voluntary help familiar. The spoon, cuff and two taps are recurring identifiers, not clues that require a journal.","Close cloth, cup tick and restrained domestic rain. No score swell. Anja has nonverbal exertion only. The alarm initially belongs to another part of the building.",CK-01-01,"Entry canonical checkpoint; on cover completion save DoorClear, CoverLatched and TwoTapsSeen together. Respawn is beside the cleared doorway, never with the chair intersecting Ivo.",Anja opens the stair door once Ivo approaches. Atmosphere blends to stair acoustics; no fade or chapter title.,Fresh tester finds the door obstruction without a prompt in 60 seconds; alternate keyboard/controller inputs do not double-fire the cover event. Idling five minutes leaves a coherent scene.,0,4
SQ-01-02,C01,The landing that cannot be released,5,[],"Stair shaft 18 × 9 × 6 m. Safe near platform x=0–5, hinged landing x=5–10, far ledge x=10–14. Transport doorway in background z=3, reached by a visible rail path.","[""CHR-IVO"", ""CHR-ANJA"", ""CHR-CUST-A"", ""RIG-TRANSPORT"", ""GME-LANDING"", ""GME-BRACE"", ""ENV-TERRACE""]",Landing appears intact until both characters reach the marked load strip. Anja owns the emergency connection after its initial 0.35 m drop. Transfer rig is present above but not yet in view.,"A / Ivo and Anja descend together; a slight vertical reframe exposes space below the landing before it moves. B / Anja catches Ivo’s wrist and the plate in one continuous action; no cut to a separate movie angle. C / After Ivo crosses, the camera stays on his side while Custodians take Anja into depth. Her cuff and two taps on the railing remain visible.","Follow Anja, recover from the authored slip and cross the arrested landing using ordinary movement. The landing is broad; this is not a precision jump during a relationship beat. At the far side a half-open service barrier keeps Ivo from following the transport directly, but its accessible lower route remains visible. Custodians connect the rig before removing Anja from the plate, preserving ownership. A service brace falls to a reachable floor stop. Interact picks it up; the wrist-fit animation is brief and leads into a safe test reach.","The first landing slip cannot randomly kill Ivo. After the separation, the barrier is a physical obstruction rather than an invisible wall. Mother waits if Ivo has not crossed; transport cannot depart with him stranded on the unsafe side.",Ivo believes he is following a rescue procedure. A Custodian deliberately secures the harness rather than repairing the damage. We do not explain the root yet.,"Metal strain starts before displacement. Anja’s breath continues during Hold. Wheel clicks move away in depth; no villain sting. Brace pickup has a modest ceramic click, not a power-up sound.",CK-01-02,Commit AnjaTaken and BraceOwned only after the rig is clear and the brace attached. A quit during transfer resumes the coherent pre-transfer or post-transfer checkpoint; never half a transaction.,Ivo enters a lower service opening beneath the transport route. The next shutter can be seen cycling from safety.,Player can neither retrieve Anja through geometry nor lose the brace. Interrupt every transfer frame with pause/restart in testing; ownership and narrative phase remain valid.,4,9
SQ-01-03,C01,The shutter and the rotating tread,5,"[""PZ-02"", ""PZ-03""]","Service corridor 30 × 6 × 5 m. Shutter at x=8, contact x=6.8 y=1.1. Beyond it, a 2.0 m radius maintenance tread rotates beside a 1.8 m gap at x=20. Targets never overlap acquisition cones.","[""CHR-IVO"", ""GME-BRACE"", ""GME-SHUTTER"", ""GME-ROTATOR"", ""ENV-SERVICE"", ""FX-DUST""]","Shutter cycles on an 8 s period, including 2.5 s fully open. Tread rotates slowly through four readable step orientations. Both have local motors and exposed contacts; neither is anchored externally.","A / Fixed reasoning frame includes the shutter, contact and safe recess. B / On arrest, dust falls through the unmoving shutter silhouette. C / Past the shutter, the camera reveals the full tread and destination before allowing the gap to become a hazard.","Observe at least part of the shutter cycle from the recess. Acquire while it is above Ivo’s clearance, cross within the sustain radius and release. On the tread, arrest when its flat platform faces upward and aligns with the far ledge. Jump onto it and across a routine gap. The second use changes the problem from timing an opening to selecting an orientation. A small wrist after-motion follows release without changing locomotion. If the player arrests too low or at a poor angle, they can release and retry safely.",Crush zones are attached to moving edges and only active while the sweep threatens Ivo. Tread falls reset locally. No first-use lethal event before the player can see a full cycle. Target selection does not switch midway through Hold.,The tool genuinely works. The body’s residual posture hints that the connection is not merely a battery. Unrelated dust establishes the no-time-freeze rule.,Motor sound loses its motion component while held; a residual load tone remains. Foot contacts match metal and stone. The wrist after-motion has a tiny jacket and brace creak.,CK-01-03,Checkpoint after the shutter and before the tread preserves BraceOwned and the solved shutter clearance. Tread phase resets to the same readable start; shutter is not re-solved after a later fall.,A high opening silhouettes a Custodian approaching the service stair. The corridor continues directly into the pursuit.,Ten attempts at 30/60/120 fps preserve clearance. Wrong-angle arrests are recoverable. A tester can explain that only the selected mechanism stops.,9,14
SQ-01-04,C01,A door between two bodies,4,"[""PZ-04""]","Pursuit corridor 42 × 7 × 6 m. Guard entry stair visible at x=8, Ivo starts x=13. Exit shutter x=30 with contact x=28; release recess x=33; exterior threshold x=39.","[""CHR-IVO"", ""CHR-CUST-A"", ""GME-SHUTTER"", ""ENV-SERVICE"", ""ENV-GARDENS""]",Custodian begins on an upper stair and needs 3.5 s of visible approach before entering the player lane. Door follows the same motion family learned immediately before.,"A / Wide enough to show the descending guard and the route ahead. B / Camera leads right before Ivo reaches the door, keeping the contact out of silhouette tangency. C / The guard catches the released door briefly behind Ivo; wind opens the image beyond the exit.","Run to the contact, arrest the door above head height, pass through and release from the far recess. Release lets the door close between Ivo and the worker. The worker’s catch is an authored reaction that delays closure visually but does not reverse the successful solution. Move through the outer service opening. The player does not need to wait for the guard to nearly touch them. A too-early Hold can be released while behind a short safe obstruction, providing a second chance.","Capture requires a real approach and swept contact, not a camera trigger. Guard speed is tuned below Ivo’s full run with a head start; no hidden teleport or late rubber-band. A failure resets to the pursuit start, not the preceding tread.","Ivo learns that the Custodian is a physical person with strength and limitations. The route is escape from a procedure, not combat victory.",Footsteps descend from above into the same acoustic space. Door strain masks the guard only after he is blocked. Exterior wind replaces corridor resonance over the threshold.,CK-01-04,Entry pursuit snapshot has guard at top of stair and door at known phase. DoorBlocked is saved only after Ivo is in the exterior-safe zone. Repeated restart does not duplicate a second guard.,Camera widens onto allotments and the hostel’s two uneven chimneys. No title card; player still holds directional control.,First-time players see both route and pursuer before danger. Median replay cost after a capture remains under 35 s. Fast players cannot outrun asset streaming.,14,18
SQ-02-01,C02,Wind has no owner,5,"[""PZ-05""]","Exposed allotment strip 65 × 9 × 14 m. Three raised beds, one 1.8 m drainage gap and a hinged windscreen at x=31. Background hostel at z=65; bird on a disconnected channel shelf.","[""CHR-IVO"", ""ENV-GARDENS"", ""GME-WINDSCREEN"", ""FAUNA-WADER"", ""FX-WIND"", ""PRP-REED-SCREEN""]","Wind screens not attached to apparatus move freely. One civic hinged panel is connected to a restraint socket and swings through a safe traverse pose. Bird has idle, forage and flee states.","A / Horizontal long view with open sky; Ivo small but not lost in reeds. B / The panel’s sweep and opposite bank share a stable frame. C / A bird reacts only when the panel actually moves, while fog reveals the hostel chimneys behind it.","Follow the raised path, crouch beneath a low screen and reach the connected panel. Arrest it near horizontal, step onto its broad face and cross the gap. Release after reaching stone. A noncritical loose screen keeps swaying while the held one stays still. The path then loops around a low bed to give a view back at the panel and bird. This is a short traversal idea, not another multi-stage shutter puzzle; the time includes breathing room and exploration of a visible side alcove.",The first poor arrest drops the panel toward a shallow recoverable ledge rather than an instant death. Critical ground edges are not hidden by foreground reeds. Bird behavior does not introduce a stealth penalty.,"Natural life exists outside the system. The machine does not suspend all reality. The recurring hostel is introduced as an ordinary place, not highlighted as a future creature.","Wind in three texture layers, reed knocks, distant metal settling and one bird call. No music cue on the landmark. Cold air changes Ivo’s breath effort modestly.",CK-02-01,Save at stable stone before and after the panel. Bird state may be reconstructed from an ambient seed; panel phase and personal ownership must be exact.,Water running through a raised bed leads the player toward the sluice without an objective arrow.,A grayscale review keeps the panel distinct from decorative screens. Muting audio does not obscure the moving hazard. Hold never affects the bird or wind cloth.,18,23
SQ-02-02,C02,Give the water somewhere to go,6,"[""PZ-06""]","Garden channel 34 × 6 × 12 m. Upper sluice x=7, diversion handle x=12 on high ledge, guided float x=18–24, destination lip x=27. Side channel clearly descends away from the float basin.","[""CHR-IVO"", ""ENV-GARDENS"", ""GME-SLUICE"", ""GME-FLOAT"", ""GME-DIVERSION"", ""FX-WATER-FLOW""]","Holding the main sluice closed raises upstream water and drives the float against an overhead stop, too high to use. Side drain starts closed. The float is rail-guided and cannot drift into a softlock.",A / Show incoming water and the float before the player acts. B / A higher side handle and its channel remain visible during the failed simple solution. C / Successful diversion reveals a lower pale water mark as the float settles to the crossing height.,"Arrest the main sluice briefly to observe that preserving stillness makes the float less useful. Release, climb the safe side ledge and open the diversion. Water now leaves the basin through the side channel; the float lowers to its guided lower stop. Arrest the sluice in its open-clear state only if needed to pass the narrow service throat, then cross on the stable float. The side handle latches mechanically, so no second personal Hold is required. The system is a small volume-transfer graph with bounded level change, not unrestricted fluid simulation.","A wrong order raises water toward a visibly marked overflow, then stabilizes; it does not unexpectedly flood the entire chapter. Ivo can return to the ledge. Falls land in a shallow recovery pool.",The first explicit lesson that resolving a process differs from stopping it. Old high flood marks remain above current water; no exposition explains them.,"Inlet, overflow and diverted trickle have distinct locations. Water-level changes are slow enough to read. The moving float creaks against its guide before reaching a stop.",CK-02-02,Persist DiversionOpen and basin target state at the exit checkpoint. Mid-puzzle death restores a coherent level/float combination. Do not save a float transform independently of its water driver.,A supply sack travels overhead toward a loading grate and draws the eye to the next apparatus.,The player can infer the bad consequence of the initial Hold from the same shot. Solving by releasing early remains legal. Water volumes and float never overlap Ivo into a wall.,23,29
SQ-02-03,C02,The apparatus that catches falling things,6,"[""PZ-07""]","Loading terrace 40 × 10 × 12 m. Porter rail overhead y=6, connected floor grate x=13–23, disconnected stone refuges x=9 and 27. Capture reach 3.2 m beneath current carriage; exit underpass x=32.","[""CHR-IVO"", ""CHR-PORTER"", ""RIG-PORTER"", ""GME-PORTER-DRIVE"", ""PRP-SACK"", ""ENV-GARDENS"", ""FX-CABLE""]",A sack is ready to fall into a safe demonstration zone. Porter carriage begins parked above it. Detection grates have a visible cable path to the rail. Stone refuges are disconnected.,"A / Frame the falling sack and the rig’s catch while Ivo is safe. B / Let the padded cradle open slowly, revealing the worker as the apparatus returns. C / On Ivo’s first grate step, the carriage turns; the next refuge is already on screen.","Watch or move through the nonblocking sack demonstration. Step onto the connected grate; its flex produces a load signal and the Porter searches the reachable zone. Retreat to stone if necessary. Reach the exposed drive contact, arrest the active carriage long enough to cross the first span, then release from a refuge. Cross the final span during its return stroke and crouch into the underpass. Hold targets the carriage drive, not the worker’s thoughts. The player can read reach through the physical rig and its guide shadow.",Detection precedes capture by a visible orient-and-reach sequence of at least 1.2 s. The first grate is recoverable by stepping back. No offscreen instant capture. Restart preserves the observed sack demonstration fact and restores the rig parked.,A rescue process becomes dangerous when it treats Ivo as an unsupported load. Its padded equipment is more unsettling than a predatory animal replacement.,"Rail wheel, tension ratchet, worker breath and cradle fabric. A bell-like confirmation belongs to the retrieval procedure, not a jump-scare sting. Load transmission has a matching grate flex.",CK-02-03,"Checkpoint before the grate; SackDemoSeen persists. Porter drive phase, route position and capture state reset together. The sack is excluded from repeat collision once the demo completes.","Ivo drops into a drainage corridor too low for the rig. Its rail visibly continues toward the industrial district, explaining later reappearance.",A novice can state why stone is safer than grating. Holding indefinitely does not let the target switch. The rig cannot reach through the stone refuge or leave its rail.,29,35
SQ-02-04,C02,The people above the drain,5,[],Culvert 70 × 4 × 9 m with two low crouch sections and one shallow vertical climb. Ceiling grilles reveal occupied public ground at z=3; laundry intake visible ahead.,"[""CHR-IVO"", ""ENV-CULVERT"", ""CHR-RESIDENTS"", ""PRP-GROCERY"", ""FX-DRIPS"", ""ENV-LAUNDRY""]","No active enemy in the player lane. Residents have bounded ambient routes. One support pulse is triggered by Ivo crossing a clear view volume, then becomes an ambient low-frequency behavior.",A / Low camera follows Ivo beneath feet and grocery bags. B / A brief stationary frame aligns a flexing support with residents steadying themselves above; their attention never turns down. C / Gradual upward camera move follows a service ladder toward hanging fabric and warmer vapor.,"Crouch under a root cable, pull a light grate cover aside and climb the short ladder. This section provides recovery and observation, not a disguised five-minute corridor: include a small optional dry shelf that exposes the same support from its reverse side and rejoins in seconds. Required traversal is compact; timing assumes cautious looking and the first impression of occupied life. All critical hands are free; no retained personal Hold is necessary.",No surprise attack after the chase. A dripped-on pipe may sound human but has a visible source when approached. Avoid making every silence a setup for a jump scare.,Residents have adapted to the town’s instability. Their normality makes the hidden cost plausible. A supply route links gardens and laundry into one place.,"Muffled ordinary feet overhead, bags brushing railings, drain water and growing ventilation tone. The Porter’s ratchet disappears before the first quiet pause.",CK-02-04,Store chapter progress at the dry ladder base and laundry threshold. Ambient residents reconstruct from safe poses. Their schedules cannot block the route or advance unseen narrative facts.,Ivo emerges behind linen baskets. A laundry worker demonstrates a surface fitting in the distance as the player approaches the first transfer puzzle.,No tester should spend more than 90 s looking for the ladder after reaching its room. Optional observation does not hide mandatory story comprehension. No chapter-loading hitch at the vent transition.,35,40
SQ-03-01,C03,Leave the effort behind,6,"[""PZ-08""]","Laundry bridge room 32 × 12 × 18 m. Near platform x=0–9, tilting bridge x=9–17, far platform x=17–27. Anchor x=7.2; release lever on far platform. Conduit runs visibly from anchor to bridge.","[""CHR-IVO"", ""ENV-LAUNDRY"", ""GME-BRIDGE"", ""GME-ANCHOR"", ""GME-LEVER"", ""PRP-LAUNDRY-CART"", ""CHR-BEARER-01""]",Bridge hangs too steeply to traverse. Holding it level prevents Ivo from operating the two-handed far lever after crossing. Nearby anchor is available; its hidden bearer is not visible.,"A / Entire bridge and far destination shown through sheets; an adult worker in depth uses a portable-equivalent contact, disproving chosen-child implications. B / Close enough for the anchor vane, with no full cinematic cut. C / Hold remains on the bridge after Ivo walks away; the camera does not immediately reveal its source.","Operate the one-hand bridge release, let it settle toward level and arrest it. At the near anchor, Interact transfers ownership. The brace hand relaxes while the anchor vane closes. Cross the supported bridge with both hands now free, turn the far two-hand lever to seat a receiving pin, then disengage the anchor through a visible return linkage. The bridge remains level on metal. Crossing without transfer is possible, but the far lever rejects a one-hand attempt with an informative animation. The player can return without losing the bridge.",Wrong-angle anchoring is reversible from either side using the return linkage. The bridge cannot permanently seal the player below it. Initial bridge movement has no enemy pressure.,Transfer feels like relief before the concealed bearer’s breath unsettles it. The first major slice puzzle contains both assignment and removal of burden.,Local brace effort migrates to a wall breath when ownership transfers. A solid pin seating sound differs from an active strain hum. No magic beam.,CK-03-01,"Capture bridge q, owner and pin state together. Exit checkpoint requires pin seated and no personal Hold. Hidden bearer strain matches ownership after reload.","The bridge opens onto the overlapping hanging frames, carrying the player directly into spatial manipulation and stealth.","At least four of five fresh testers distinguish personal Hold, anchor and mechanical support after play. Zero ownership gaps across 1,000 automated transfer attempts.",40,46
SQ-03-02,C03,The hanging corridor,6,"[""PZ-09""]","Drying hall 44 × 14 × 20 m. Two parallel gameplay-safe paths at y=0 and y=2.4, linked by one ladder. Three sliding frames on independent 6 m rails; wet-sheet and thick-blanket cover zones explicitly placed.","[""CHR-IVO"", ""ENV-LAUNDRY"", ""GME-DRYING-FRAME"", ""GME-ANCHOR"", ""CHR-CUST-A"", ""PRP-SHEET"", ""PRP-BLANKET""]",Frame A blocks the low route; frame B provides the climb but slides back unless anchored. Frame C controls a sightline. Custodian enters only after Ivo has seen his own silhouette through a wet sheet.,"A / Stable wide shot shows the low obstruction and upper return route. B / Ivo’s silhouette appears through a lit wet sheet with no enemy present. C / A searchlight later passes the same screen; the thick blanket stays opaque, showing the difference visually.","Push frame A to its stop, freeing the lower passage. Arrest and anchor frame B at ladder alignment, climb, and release frame C’s latch to hang a thick blanket across the search angle. Cross the upper ledge while the light moves behind the opaque layer. Descend to the far side and latch frame B mechanically through a low pull cord, removing its anchor burden. The spatial route and concealment arrangement form one puzzle; do not require rhythmic button tapping or an invisible stealth meter.","The Custodian detects exposure through tagged thin material but not thick cover, matching the rendered silhouettes. A wrong arrangement provides retreat before capture. Restart at the search approach preserves the solved frame positioning, not an entire re-push sequence.",Ordinary domestic material becomes spatial language. The hidden burden remains present through wall strain; the player can relieve it rather than leave it active forever.,"Wet cloth slaps softly; thick blankets absorb high frequencies. Search footsteps remain directional. Audio hints support, but do not substitute for, visible light and cover.",CK-03-02,"Save frame positions, latch states, cover tags, guard entry phase and B owner. Never rely on cloth simulation to recreate occlusion after reload.","A rinse outlet ahead pours onto a small counterweight basket, previewing the next material-state puzzle.",Occlusion tags agree with the image at all supported effects settings. Player never loses the critical landing behind a foreground sheet. Three consecutive failed attempts do not replay a solved manipulation.,46,52
SQ-03-03,C03,The weight of wet cloth,6,"[""PZ-10""]","Rinse-lift chamber 30 × 11 × 14 m. Dry rack x=8, lift x=17, overhead rinse spout x=9, lower drain handle x=23. Lift has top, crossing and service stops with visible notches.","[""CHR-IVO"", ""ENV-LAUNDRY"", ""GME-WET-RACK"", ""GME-LIFT"", ""GME-RINSE"", ""GME-ANCHOR"", ""FX-WATER-FLOW""]",Dry rack mass is below the lift’s counterbalance threshold. Wetness scalar begins at 0. The inlet can be directed onto the rack; lower drain access requires the mid-height crossing.,A / Frame both weights of the system with their cable crossing visible. B / Water darkens blankets and the rack visibly settles. C / The changed lift height exposes the lower drain passage instead of merely opening a generic door.,"Rotate the rinse spout toward the rack using a one-hand handle. Water increases its authored mass from dry to saturated over 8 seconds; the counterbalanced lift descends. Arrest at the marked crossing notch and transfer to the nearby anchor. Cross the lift to reach the drain, then close the inlet and open the rack drain. Reduced mass pulls the lift upward, but a mechanical service catch now intercepts it and opens the lower crawl route. Release the anchor only after the catch is seated. One scalar controls visual wetness, weight and drip rate.",Overflow is safe and bounded. The rack is guided; cloth simulation cannot change its physical mass or catch in the lift. An incorrect stop can be released and retried from either bank. A support indicator prevents an ambiguous release.,"The player enjoys predicting a material behavior. The darker implication appears only through the transferred strain, not a separate cutscene.","Dry cloth, saturation trickle, heavier cable creak and a dwindling drain. The bearer’s breath follows strain but is mixed below the puzzle’s functional cues.",CK-03-03,"Store wetness scalar, inlet/drain states, lift q, anchor owner and service catch. Checkpoint after the catch; wetness resumes from authored state, not wall-clock elapsed time.",The crawl route places Ivo close to a damaged porcelain fitting while the solved machinery remains audible behind him.,Player can identify why wetness matters without a numeric weight label. No double-Hold solution is required. Saving at every quarter of saturation reconstructs matching height and audio.,52,58
SQ-03-04,C03,"A cover, not a machine",6,[],"Narrow maintenance return 58 × 5 × 7 m, one body-width squeeze at x=24. Damaged fitting at x=26 y=1.05; linen dispatch exit x=51. Optional alcove shows old replaced covers.","[""CHR-IVO"", ""ENV-SERVICE"", ""GME-WALL-FITTING"", ""CHR-BEARER-HAND"", ""PRP-PORCELAIN-SHARD"", ""FX-DUST""]",A cover is already chipped. The story hand has independent finger and breath motion; it is not a dismembered pick-up or enemy. Only one reveal can commit.,"A / Ivo squeezes sideways through a believable maintenance gap. B / His sleeve brushes the chipped fitting; a small shard falls with the camera at gameplay distance. C / As he turns toward the dispatch passage, a fingernail flexes beneath the cover. The framing gives enough contrast without a zoom into gore.","Use ordinary movement and the contextual squeeze; the player retains forward/back intent during approach and can pause after the contact. A short one-hand lift of a loose cover permits a clearer optional view but is not required for comprehension. Continue through a linen chute with a controllable ladder descent. The section includes a safe observation loop and a small service door lift, not a six-minute uninteractive reveal. The first transfer sound returns from the now-revealed wall.",No attack or chase follows the finger. Do not train the player to distrust every quiet inspection. Shard collision is cosmetic; it cannot obstruct the narrow exit. The squeeze has a safe cancel point before entry.,"Porcelain is a housing for a connection to a person. This is the first undeniable physical hint, not the full reverse-side explanation.","One dry ceramic tick, a joint movement in the familiar drum rhythm, distant linen wheels. Remove the low musical layer briefly without muting the room.",CK-03-04,"FingernailSeen persists after the interaction threshold. Re-entering plays idle hand motion, not another shard break. Save player on either side of the squeeze, never embedded halfway.",A dispatch hatch opens into ordered transit architecture. Cool daylight replaces the close laundry task light.,"At least four of five first-time viewers notice an organic detail, without needing to identify whose hand. Low-vision contrast mode preserves its meaning. The scene remains unsettling without a sting.",58,64
SQ-04-01,C04,A waiting room beneath a waiting room,6,[],"Exchange hall 64 × 18 × 24 m. Upper public passage at y=7, restrained queue rail y=1 in background z=4, player maintenance lane y=0. Suspended tram at x=33.","[""CHR-IVO"", ""ENV-EXCHANGE"", ""CHR-RESIDENTS"", ""CHR-BEARER-01"", ""CHR-BEARER-02"", ""GME-TRAM"", ""PRP-LUGGAGE""]","Public residents use independent short routes. Restrained queue is driven by the deck load parameter, with separate look and breath tracks. No automatic marching loop.",A / Bright ordered upper concourse contrasts with the lower lane. B / A tram weight shifts; bodies below lean while a face remains turned toward Ivo. C / A brief window view recalls the hostel and its curtain beyond the platform.,"Climb through an inspection opening, move a light luggage frame and traverse beneath the tram. A local inspection lever shifts a small test load enough to demonstrate compensation without requiring a full puzzle. Ivo can reverse the lever and watch the same people respond. This optional experiment makes the cause-and-effect readable. The exit path passes toward the main loaded deck, so the observation is spatially connected to the next challenge.",No guard attack during the first crowd demonstration. Decorative residents cannot wander into the player lane. The tram cannot crush Ivo outside its marked moving zone.,"Public life is literally supported by a constrained group. Different eyes, fingers and breaths establish awareness before Ivo restrains a worker himself.","Upper footsteps and luggage are softened by distance; lower restraint clicks answer the load. Voices remain indistinct, not a hidden exposition conversation.",CK-04-01,Record CrowdCompensationSeen when the test completes or Ivo reaches the next inspection opening with the demonstration visible. Crowd individual IDs remain stable into evacuation.,The loaded deck blocks the low route; a service jack below it is already visible through a maintenance window.,Viewers distinguish coordinated body response from coordinated intention. Looking away does not make the mandatory causal event happen permanently offscreen.,64,70
SQ-04-02,C04,The queue that leans,7,"[""PZ-11""]","Loaded deck puzzle 36 × 9 × 15 m. Pivot x=18; deck spans x=10–26; jack storage x=5, jack rail ends x=16. Anchor x=9; crank accessible from under-deck refuge at x=14.","[""CHR-IVO"", ""ENV-EXCHANGE"", ""GME-TILT-DECK"", ""GME-JACK"", ""GME-ANCHOR"", ""CHR-BEARER-01"", ""CHR-BEARER-02""]",Deck tilted enough to block passage and force the waiting rail to compensate. Jack is too far left to receive it. Personal Hold keeps the deck safe but occupies a hand needed to move the jack.,"A / The deck and waiting bodies share a composition, while the jack is in a readable lower pocket. B / A successful anchor transfer shifts the strain to the plate behind the queue. C / When the jack takes weight, torsos relax at slightly different rates; one person continues gripping a rail after it is no longer needed.","Raise the deck with its low service lever and arrest at the clearance notch. Transfer to the available anchor. Move the jack along its constrained rail beneath the deck, then turn its two-hand crank until its top contacts the receiving plate. Interact seats its ratchet. Release the anchor; the deck descends a small visible amount onto the jack and stays there. The queue is relieved because the deck correction is no longer demanded, not because Ivo sends a mental command. Crawl through the newly safe underside and unlatch the far service gate.","Jack travel is rail-bounded and cannot be lost. Releasing too early lowers the deck toward a visible refuge shelf, allowing recovery; it does not randomly kill the waiting people. A wrong solution shows continuing strain.",Introduces a concrete alternative to control: remove the imposed correction. The queue members are later part of the twelve-person cohort.,Jack teeth seat with a distinct dry cadence. The deck’s load tone disappears only when physical contact is verified. Separate breaths recover out of sync.,CK-04-02,"Persist JackPosition, JackRatchet, DeckSupported and assigned survivor slots atomically. Guard encounter afterward starts from this completed solve.",A service shutter opens toward a worker’s inspection post. Ivo has both hands free and sees an exposed harness contact.,The player can explain why the group relaxed. No mandatory solution harms a civilian. A 20-run checkpoint loop retains jack support and unique survivor IDs.,70,77
SQ-04-03,C04,The eyes that do not stop,7,"[""PZ-12""]","Inspection corridor 34 × 7 × 10 m. Worker patrol x=14–21, gate-cart rail x=7–17 with 3° slope, brake x=11, exit shutter x=25. Safe preparation pocket x=4–10.","[""CHR-IVO"", ""CHR-CUST-B"", ""GME-HARNESS"", ""GME-GATE-CART"", ""GME-SHUTTER"", ""ENV-EXCHANGE""]",Cart begins outside its barrier track. Worker contact exposed during inspection. The shutter and worker compete for one personal Hold. A two-handed cart move is impossible while holding the worker.,"A / Show cart rail, slope and exit before the worker closes distance. B / When the harness is arrested, the body freezes but the eyes visibly track Ivo. C / Cart reaches its stop between the worker and Ivo; camera leads to the shutter rather than lingering on a helpless person.","From the safe pocket, push the gate-cart onto the sloped receiving rail and engage its brake. Approach the worker’s exposed contact, arrest his harness during the reach, then use the one-hand brake lever. Gravity rolls the cart to its hard stop and it becomes a barrier. Release the worker, acquire the shutter, cross and release again. The shutter target cannot accidentally replace the held worker. If the cart was not prepared, retreat is possible and the worker returns to inspection after losing sight. A brief early demonstrative restraint may be released without resolving the entire puzzle.","Worker catch requires proximity. Arrested eyes and breath are cosmetic awareness, not extra attack mechanics. Cart barrier collision matches the visible frame. No solution requires Ivo to push heavy equipment with an occupied hand.","This confirms that consciousness continues in every hidden bearer. The tool remains useful after the revelation, creating genuine tension rather than becoming an ability the player should never use.","Harness catches with fabric and metal, not a magical freeze. A shallow conscious breath remains audible. The worker resumes his interrupted reach on release before re-evaluating the obstruction.",CK-04-03,Checkpoint after cart preparation; cart stop and worker state reset consistently. Exit checkpoint records ConsciousRestraintSeen and the worker safely behind the barrier.,"Maintenance stair leads beneath the last tram support, where Orren’s body matches a hanging linkage.",Repeated play cannot skip cart preparation through hand exploits. Test restraint/release at every reach phase. The player identifies awareness without a close-up face cinematic.,77,84
SQ-04-04,C04,Orren stands,5,"[""PZ-13""]","Under-platform support bay 28 × 8 × 10 m. Hanging stair section x=11–18, pawl x=15 y=1.0, Orren alcove x=19 at z=2. Exit ladder x=23.","[""CHR-IVO"", ""CHR-ORREN"", ""GME-STAIR-PAWL"", ""GME-ANCHOR"", ""ENV-EXCHANGE"", ""PRP-ORREN-PROPS""]",Orren’s harness sustains the stair angle. A rusted receiving pawl is obstructed by a light maintenance plate. No immediate pursuit.,"A / Camera shows the stair geometry before Orren’s whole body. B / As Ivo takes the load, Orren’s fingers move independently. C / After support is seated, the frame allows time for the bent shoe to find the floor and the hand to open.","Move the loose plate aside, take the stair’s restraint through its service contact and lower it toward the receiving notch. Hold at alignment, engage the one-hand pawl, then release. The stair rests on metal and Orren’s harness unlocks. He removes himself; Ivo does not drag him like a prop. Climb the now-supported stair and open a simple service hatch. Orren tests his balance, then takes a separate marked resident route toward the hostel. He does not follow Ivo into the cutting.",No timed rescue pressure. A misaligned pawl gives tactile resistance and can be tried again. Orren is protected from the stair’s puzzle collision; unsafe releases remain intercepted by the old harness until support is correct.,A named production identity makes relief tangible. The missing button and bent shoe prepare recognition in the final gate scene.,"A final harness creak, ordinary shoe scuff and a breath that no longer matches the stair. Resist adding celebratory music.",CK-04-04,"OrrenFreed commits only when support and route exit are available. Save Orren’s segment index, not a free-wandering transform. Reload cannot duplicate him in both the bay and hostel.",Ivo descends behind massive transit counterweights. Chalk dust and open light replace concourse order.,Testers remember Orren by appearance without dialogue. His relief never depends on an optional collectible. The supported stair remains stable in later route snapshots.,84,89
SQ-05-01,C05,The weight is visible,6,"[""PZ-14""]","Chalk cutting 90 × 28 × 28 m. Three suspended masses create a visible sweep corridor; refuges at x=20, 42 and 64. Playable platforms remain 2.0 m or wider.","[""CHR-IVO"", ""ENV-CUT"", ""GME-COUNTERWEIGHT"", ""GME-SWEEP-DRIVE"", ""FX-CHALK"", ""PRP-GANTRY""]","A maintenance cycle slowly translates one mass across the route. It has a connected exposed drive and clear safe pockets. Far relocation shoes are background silhouettes, not interactive targets.","A / Wide pale shot before entering hazard range. B / Falling grit marks the moving weight’s sweep while a dark refuge reads against chalk. C / After crossing, a downward reframe exposes the small paired carrier beneath the path.","Walk the approach, climb a short ladder and observe the maintenance cycle. Arrest the sweep drive to cross the first exposed section, release from a stone pocket, and cross the second during its natural return. The change from darkness to exposure supplies variety. One optional overlook shows the hostel’s undercarriage as ordinary maintenance structure without revealing locomotion. Do not stretch the route through repeated identical weights; one authored sweep with two uses is enough.",The full sweep corridor is visible before commitment. Chalk effects never obscure a lethal edge. A falling minor stone is cosmetic unless explicitly tagged and staged as a hazard.,Buildings are suspended over a landscape of stored maintenance decisions. Ivo’s scale against mass matters more than an increased enemy count.,Wind carries distant metal groans; stone sheds grit after the main motion stops. Bright space receives a thinner mix than the enclosed chapters.,CK-05-01,"Checkpoint at each stable refuge; driver phase starts in a readable position. Cosmetic debris is reseeded outside Ivo’s contact path, not replayed as damage.",A small articulated carrier blocks the continuation. Its open paired interface is clearly within reach.,Users can identify safe pockets in grayscale. Maximum camera distance still leaves Ivo readable. No hidden mass collider extends beyond its visual sweep envelope.,89,95
SQ-05-02,C05,Borrowed balance,7,"[""PZ-15""]","Carrier fixture 28 × 12 × 12 m. Articulated carrier 5.5 m long, 2.5 m tall, guided travel 6 m and posture range ±12°. Entry cradle x=7; receiving ledge x=18 at y=2.2.","[""CHR-IVO"", ""ENV-CUT"", ""GME-PAIRED-STATION"", ""RIG-CARRIER"", ""GME-SUPPORT-LOCK"", ""FX-CABLE""]",Carrier parked on visible clamps. Interface has two palm plates and a foot plate. All personal burdens must be relieved before entry. Mechanical lock at far ledge begins open.,"A / Side view puts Ivo’s body and first support shoe in one composition. B / On a directional lean, the shoe moves with his posture. C / Camera follows the carrier enough to keep the receiving notch visible, but does not make it feel like a new free-roaming vehicle.","Enter the cradle with Interact. Move horizontally to request a controlled shift; use down to lower the near end beneath a low brace, then up to meet the receiving ledge. Hold arrests the assembly at alignment. Interact seats the receiving lock; release Hold to verify that the carrier stays supported. Exit through the mechanically released cradle latch. Neutral only settles the current safe phase; Hold is the precise brake. A poor alignment visibly blocks the lock and can be corrected without a fall. This exact control contract returns in the domestic room and Ward.",Teaching fixture is nonlethal. No hidden balancing stamina or stick-wobble minigame. The player cannot exit while the carrier lacks a support and materialize beside it.,The connection has two directions. Ivo is not merely stopping a machine; the machine can follow his balance. The full architectural implication remains concealed.,"Foot plate contact, modest hydraulic response and Ivo’s breath guide the perceived body link. Motor force is audible, avoiding an implication that his muscles power the carrier.",CK-05-02,"Save parked or locked support states. Mid-station suspend stores q, posture, phase, owner and Ivo’s station binding. Pausing cannot issue an exit or release.",The carrier reaches a maintenance ledge overlooking a blocked counterweight and its receiving cradle.,Four of five fresh testers operate and exit within 90 seconds after first entry. Later Ward test uses the same inputs with no new control explanation. No input inversion during camera tracking.,95,102
SQ-05-03,C05,Make a fall useful,8,"[""PZ-16""]",Counterweight bay 42 × 24 × 16 m. Hanging block x=18 at y=10; receiving cradle on rail x=9–18 at y=3; linked walkway x=25–34. Service arrest plate x=14.,"[""CHR-IVO"", ""ENV-CUT"", ""GME-COUNTERWEIGHT"", ""GME-RECEIVING-CRADLE"", ""GME-LIFT-WALKWAY"", ""GME-ANCHOR"", ""FX-IMPACT""]","Block is restrained above the route. Cradle starts laterally displaced. Walkway is too low. A visible cable links cradle displacement to walkway lift. Fall is bounded to a 2.2 m working stroke, not a catastrophic ten-meter free drop.","A / Show weight, displaced cradle and inaccessible walkway in one vertical composition. B / Low camera tracks the cradle being moved under the drop marker. C / On release, camera remains wide enough to register impact, lifted walkway and a distant worker steadying himself.","Take the existing block restraint at its service plate and transfer to a local maintenance anchor, freeing the crane-side interlock. Move the receiving cradle along its rail until its guide marks align beneath the block. Engage its side pawl. Release the anchor; the block falls through its bounded working stroke into the cradle and the counterbalanced walkway rises. Arrest the walkway if needed at its crossing notch, seat its one-hand stop and traverse. The irreversible block drop can occur only after the receiving pawl is genuinely engaged; a wrong release is intercepted by the old safety catch and shows the missing support.",Do not use uncontrolled rigidbody bounce for the puzzle-bearing mass. An authored impact event switches to the seated state after a short compression travel. Cosmetic chips may scatter but cannot knock the player off the safe platform.,Ivo deliberately lets something move and makes the outcome useful. This is the intellectual bridge between temporary Hold and the final controlled discharge.,"Impact onset, structure response and long settling tail are separate. A worker’s hand contacting a distant rail is nearly lost inside the larger sound; close repeat play reveals it.",CK-05-03,"After the block seats, save CradleAligned, CradleLocked, BlockSeated and WalkwayRaised as one completion. Later deaths cannot demand dropping the block again.",The raised walkway enters the Porter rail system. A salvage bundle hangs above the next exposed grate.,The result is repeatable within 2 cm at all render rates. A player can predict which platform will rise before committing. No solution depends on a fortunate bounce.,102,110
SQ-05-04,C05,Beneath the rescue rail,6,"[""PZ-17""]",Rail pursuit 68 × 18 × 16 m. Salvage bundle x=20; connected grates x=12–31; refuge x=34; moving exit platform x=45–52; slide entry x=58.,"[""CHR-IVO"", ""CHR-PORTER"", ""RIG-PORTER"", ""GME-SALVAGE-RELEASE"", ""GME-EXIT-PLATFORM"", ""ENV-CUT"", ""FX-CHALK""]",The Porter enters along the rail last seen continuing from gardens. It uses the same detection/reach rules. Salvage bundle is above its reachable capture corridor. Exit platform shares the drive phase for the last segment.,"A / Familiar ratchet arrives before the apparatus enters the foreground. B / Both bundle and grate show their connection; safe stone lies beyond. C / Camera leads to the exit platform before the final release and jump, then follows Ivo down a controlled slide.","Release the salvage bundle from the side lever; the Porter commits to securing it. Cross the first grate during the retrieval and arrest the drive from the stone refuge. The exit platform is now stopped short of its destination because it shares that drive. Release, allow it to advance and jump onto it within a broad 2.5-second usable interval. Ride to the slide, then let ordinary movement carry Ivo into the lower route. Holding forever buys thought time but does not produce the missing alignment. This is a recombination of known rules, not a new immunity or speed boost.","No unseen catch during the jump. Failure restores the refuge and bundle retrieval stage, preserving the completed counterweight puzzle. Slide direction is controllable within a safe lane; cinematic dust cannot cover the next landing.",The apparatus repeats its rescue procedure; Ivo now redirects that procedure rather than treating it as a monster with a health bar. Releasing becomes active problem-solving.,"Rail rhythm, bundle fabric, motor restart and gritty slide. Underwater muffling starts only when the head actually submerges at the end, not before contact.",CK-05-04,Checkpoint at refuge before final drive release. Store Porter route phase and exit-platform shared driver together. Successful slide arrival commits CuttingComplete.,The slide ends on a shallow shelf overlooking the drowned original street. Ivo can recover and inspect water without a continuing chase.,A correct full-speed run has generous clearance. Controller and keyboard timing both pass. The shared drive state cannot desynchronize on restart or a long pause.,110,116
SQ-06-01,C06,The street below the street,6,"[""PZ-18""]",Submerged street approach 58 × 13 × 22 m. Wading shelf x=0–15 at water depth 0.3–0.9 m; first swim gap 8 m; safe landing x=24; shallow dive tunnel length 9 m with visible air on both sides.,"[""CHR-IVO"", ""ENV-DROWNED"", ""GME-WATER-VOLUME"", ""PRP-FLOAT-CHAIR"", ""FAUNA-FISH"", ""FX-SILT""]",No pursuing enemy. Water volume is active; head sample and buoyancy presentation agree. A guided floating chair bumps a restraint cable but is not a required platform.,"A / Camera opens onto recognizably ordinary submerged shopfronts, keeping the surface line visible. B / Ivo’s transition from feet-on-ground to swimming is shown in profile. C / A view through an opening reveals the hostel curtain above the later construction.","Wade from the slide shelf, swim the short surface gap and climb to the dry landing. Use downward intent to pass the low submerged lintel, then surface into a clearly visible pocket. The leg takes under 7 seconds on a clean run and provides ample reserve. A nearby rung lets the player reverse and repeat the transition safely. Ordinary movement, water sound and head position teach the new state without a modal tutorial. The floating chair and fish move independently of the brace.",First breath warning can be experienced safely beside a surface escape. No ambush during the swimming lesson. Surface collisions and camera bounds must not trap the player under a decorative ceiling.,"The town built over its unfinished disaster. Water is a physical medium with its own behavior, not an excuse for a new magic ability.",Waterline crossing blends filters and head-local bubbles. Wet clothes persist on the dry landing. Underwater sounds have less high-frequency detail but never eliminate an essential direction cue.,CK-06-01,"Checkpoints only on the dry landing and full-air pocket during onboarding. Record breath, wetness and water-region ID; restoring a safe checkpoint resets reserve to full.",A maintenance bell hangs ahead from a guide and an intact air hose. The view shows its open underside and pale pocket before the player commits.,"Test 100 waterline crossings with no state chatter, surface jitter or infinite breath from boundary flicker. Novices identify both air exits before diving.",116,122
SQ-06-02,C06,A room for one breath,8,"[""PZ-19""]","Bell chamber 36 × 16 × 20 m. Bell 2.4 m diameter, 3.2 m high on a vertical guide with 3.6 m stroke. Lower entry y=-3; upper passage y=0.5. Bell pocket begins 1.1 m above the open rim; hose visibly feeds it.","[""CHR-IVO"", ""ENV-DROWNED"", ""GME-AIR-BELL"", ""GME-BELL-WINCH"", ""GME-AIR-POCKET"", ""GME-WATER-VOLUME"", ""FX-BUBBLES""]","Bell moored below a blocked passage. It is buoyant but winch-constrained. Lower release contact is reachable from a safe ledge and the interior lever can be operated one-handed. Pocket volume is attached to the bell, with bounded local water height.","A / Show guide, bell rim and upper destination together before the dive. B / Camera follows head entry into the pocket; sound returns to close breath with water visible around the boundary. C / On rise, the upper passage enters the same frame, making the bell a moving shelter rather than a vehicle cutaway.","Release the lower mooring and Hold the guide brake while swimming beneath the rim. Enter the air pocket and recover. Operate the interior lever to disengage the lower guide stop; release Hold so buoyancy lifts the bell. Arrest near the upper access notch, engage its physical docking catch and swim the short upper connection to the next landing. Each open-water leg remains under 10 seconds. A wrong height can be corrected while sheltered. The guided bell cannot rotate freely, depart its hose range or become an uncontrolled boat.",The pocket requires head-inside validation; touching the bell exterior gives no air. Ivo’s one-arm swim variant is used while sustaining Hold. No timed mechanism continues to drain the safe pocket during observation.,"Ivo does not acquire immunity to drowning. He learns to move a place where he can breathe, foreshadowing moving a place where others can live.","Close air-pocket breath, hose pulse, hollow bell resonance and external water pressure. Rising changes resonance subtly. The musical bed stays sparse so the small refuge feels precious.",CK-06-02,"Mid-puzzle suspend stores bell q, mooring, dock catch, pocket local plane, hose state and breath. Resume inside the pocket requires its chunk resident before Ivo activates. Dock checkpoint is a safe full-air state.","Beyond the upper landing, the Porter rail descends into the old flooded retrieval dock. Its silhouette and breathing hose are visible before engagement.","A head can never be both drowning and receiving air in one authoritative tick. Pausing on a rising bell freezes guide, pocket and breath together. All safe catches can be undone from inside.",122,130
SQ-06-03,C06,A rescue that would drown him,7,"[""PZ-20""]",Flooded retrieval dock 40 × 15 × 18 m. Porter rail descends toward a submerged unloading cradle at y=-5. A hinged empty retrieval basket demonstrates tipping there. Bell guide has a 2.6 m upward escape stroke.,"[""CHR-IVO"", ""CHR-PORTER"", ""RIG-PORTER"", ""GME-AIR-BELL"", ""GME-BELL-WINCH"", ""GME-DOCK-CRADLE"", ""ENV-DROWNED""]","Porter uses the same detect/reach/secure/retract states. Its submerged dock mechanically tips retrieved containers for unloading; tipping the air bell would spill its pocket. The danger is the visible dock geometry, not simply being underwater.","A / A discarded empty basket is drawn into the dock and tipped, showing the procedure before Ivo is targeted. B / The Porter approaches the bell through silt while its hose traces back to the rail. C / Camera shows the upward escape notch and a short exposed swim toward a fixed air landing.","From the safe bell pocket, release the guide brake rather than freezing the apparatus. Buoyancy carries the bell above the Porter’s capture sweep. Arrest at the upper notch and engage a one-hand safety catch. Leave the shelter through an open-water leg under 13 seconds, swim behind a structural rib and pull the fixed retrieval-gate latch from the air landing. The Porter completes its reach against the now-blocking gate. Holding the bell low indefinitely is safe only while out of capture range; the telegraphed approach prompts movement. The player never needs to Hold the Porter and the bell simultaneously.","Capture has a recoverable reach warning and one interrupted-grab opportunity before failure. If the bell is retrieved, show loss of shelter briefly and reset; do not require watching a long drowning scene. Checkpoint at the fully supplied pocket, with Porter out of reach.","The procedure still functions, but its definition of a safe destination has become lethal. The rig is not a new aquatic supernatural species.","Muffled rail vibration through the bell, worker breathing through a hose, basket tip and escaping bubbles. Do not use a sudden creature scream to announce a familiar apparatus.",CK-06-03,"Porter route branch, retrieval target, bell guide state and gate state are one encounter snapshot. On success the dock is isolated and the Porter cannot follow into dry rooms.","A drain control in the fixed air landing lowers the adjacent service room, revealing a route behind domestic walls.",Players recognize why the dock is unsafe before capture. The escape works with sound muted and breath assistance. No AI shortcut crosses a structural rib.,130,137
SQ-06-04,C06,Water leaves a record,6,"[""PZ-21""]",Drain chamber 32 × 8 × 12 m. Water level falls from y=2.3 to y=0.2. Valve x=6 on dry shelf; pump latch x=14 under an initial 1.4 m dive; exit stair x=25.,"[""CHR-IVO"", ""ENV-DROWNED"", ""GME-DRAIN-PUMP"", ""GME-WATER-VOLUME"", ""PRP-OLD-HARNESS"", ""FX-WATER-MARK""]",Main drain valve alone opens a bypass but the pump governor is latched off. A short dive exposes a linked service contact. Safe return shelf remains close.,"A / Frame waterline against repainting bands and a closed service stair. B / As water falls, former hand heights and harness outlines appear, with no camera cut to a note. C / The last drips reveal a dry passage into the same structures whose machines Ivo has used.","Open the bypass from the air shelf. Dive to the nearby governor contact, arrest its closing lever long enough to move the one-hand pump latch, then return to air. The pump lowers the adjacent bounded volume and exposes the stair. No two-hand underwater crank is required. A player who releases early simply lets the governor return and can retry. Once the pump’s mechanical run latch engages, no person must sustain it. Optional inspection of discarded covers adds history without blocking the route.",Keep the short dive within 8 seconds and show the contact from the shelf. Drain flow cannot pull Ivo into an invisible current death. The pump cannot empty a region that the active bell checkpoint still depends on.,Emergency hardware was repainted and reused rather than replaced. The scale of repeated confinement becomes visible in ordinary maintenance marks.,Water recedes from full room resonance to individual drips. Old harness straps move as the level drops. The root’s low tension rhythm enters gradually.,CK-06-04,"Persist PumpLatched, RoomDrained and safe stair availability together. Reload on the stair uses the drained volume; no visual water plane can disagree with swim logic.",A body-width passage behind apartment walls opens toward the reverse side of the bearer system.,"The player sees a continuous material history, not collectible exposition. A save made during the drain restores the correct transition phase or its safe completed state without trapping Ivo.",137,143
SQ-07-01,C07,You have heard this before,6,[],"Bearer service spine 60 × 7 × 12 m. Three inspection apertures at x=14, 29 and 44 correspond to laundry drum, waiting deck and a smaller service burden. Playable lane remains unobstructed.","[""CHR-IVO"", ""ENV-BURDEN"", ""CHR-BEARER-01"", ""CHR-BEARER-02"", ""CHR-BEARER-03"", ""GME-BODY-LINK"", ""FX-CONTACT""]",Visible linkages repeat recognizable movement signatures from earlier puzzles. Formerly unloaded laundry attendants are still behind locked maintenance access; their load is gone but confinement remains.,"A / Begin with a familiar rhythm before its source is visible. B / At the first aperture the matching limb posture is revealed, while Ivo stays in profile. C / A farther window frames Ivo’s own strained hand beside a bearer’s hand without creating a mirror-image supernatural double.","Move through the service spine, open two ordinary inspection latches and climb a short maintenance step. Each aperture reveals the back of an encountered machine family. A one-hand test handle produces a small reversible movement in a safe demonstration linkage, making the relationship inspectable. No new puzzle currency or lore document is required. A locked communal service exit is visible beyond the attendants; Ivo will open it after relieving the overhead domestic support later in this chapter.",No surprise chase in this recognition sequence. Aperture grates stop Ivo entering bearer collision volumes. Noncritical ambient motion never turns into an unannounced instant kill.,The town has used people as continuous corrections. Earlier relief removed loads but did not automatically open every cell; this prevents a false claim that all affected people were already free.,"Reuse exact rhythmic signatures, not necessarily the same literal audio clip. Machine motion is now accompanied by joint fabric and breath. Let recognition occur before adding new sound.",CK-07-01,Recognition flags are set at view-confirmed thresholds. Existing solved-puzzle facts drive the displayed load states. Sequence cannot show a bearer straining under a process already mechanically relieved.,The next room contains a paired balance interface connected to recognizable domestic architecture.,Fresh players connect at least one shown person to an earlier mechanism. Completed loads remain visibly relieved. Narrative cannot contradict the player’s saved interventions.,143,149
SQ-07-02,C07,A room that follows your shoulders,6,"[""PZ-22""]","Linked domestic chamber 30 × 11 × 14 m. Movable room module 6 × 3.6 × 5 m on a 10° tilt frame; bed and cupboard constrained inside. Cradle on fixed service side, receiving support x=19.","[""CHR-IVO"", ""ENV-BURDEN"", ""RIG-DOMESTIC-ROOM"", ""GME-PAIRED-STATION"", ""GME-SUPPORT-LOCK"", ""PRP-BED"", ""PRP-CUPBOARD""]",Room leans across a blocked exit. It is unoccupied but visibly lived-in. Its paired interface shares the carrier’s geometry and input grammar. A mechanical receiving stop is just outside alignment.,"A / Enter at close human scale: bed, cup and an old curtain. B / Ivo leans in the cradle; the room’s lamp and floor change angle with him. C / Camera opens enough to show the receiving stop, making the domestic space readable as an assembly.","Enter the paired cradle, lower the room’s near edge to clear the service beam, move its guided base a short distance, then raise toward the receiving support. Hold at the marked notch and engage the lock. Release to confirm the support carries it; exit and traverse through the newly aligned doorway. Two independent bounded coordinates, guide travel and tilt, are sufficient. Furniture has constrained incidental reactions but cannot jam the exit or change the solution. This second rehearsal adds emotional recognition, not new buttons.",Wrong posture blocks travel with a visible structural contact. The station safely settles instead of throwing Ivo. The lock cannot confirm without genuine alignment and support contact.,Architecture has been an external skeleton. The room is intimate enough that a sliding cup makes the bodily connection disturbing before the Ward enlarges it.,"Crockery against wood, lamp chain, foot plate and familiar hydraulic response. Ivo’s breath aligns with strain through shared state, not by delaying control.",CK-07-02,"Store room guide q, tilt, support and station binding. If restoring a locked state, furniture settles to curated poses outside traversal. One-off cupboard slide does not retrigger as a collision hazard.",A partially open root access shutter reveals Anja’s distinctive cuff before the larger installation.,"Players transfer carrier knowledge without tutorial. The scene reads as a domestic room, not a second industrial vehicle. Prop response is visible but never mechanically random.",149,155
SQ-07-03,C07,Mother is not behind the machine,8,[],Root reveal chamber 26 × 12 × 15 m. Anja hand and cuff at x=12 y=1.1; incorporated root body set behind x=15 z=3; sealed replacement collar x=18; open service path x=22.,"[""CHR-IVO"", ""CHR-ANJA"", ""CHR-ROOT"", ""RIG-ROOT"", ""GME-ROOT-SERVICE"", ""PRP-ANJA-CUFF"", ""ENV-BURDEN""]","Anja sustains the root. Root collar is visibly sealed and physically incorporated, unlike open peripheral harnesses. An adjacent replacement position is prepared but not secretly compulsory.","A / Familiar cuff and two taps identify her before the apparatus is understood. B / Slow side reframe exposes the connection’s irreversible physical extent while Ivo can approach or step back. C / When he looks toward the replacement position, she presses his free hand away from it.","Approach and Interact for the hand contact. Ivo can take a small service load, easing one restraint and permitting a gentle attempted withdrawal of her arm. The deeper incorporated connection remains; the apparatus visibly resists without a new arbitrary force field. Release returns the small load to its original owner through an explicit handover, not a drop. Inspect the nearby replacement cradle and the blocked service route. A short ordinary valve action opens the way onward. The eight-minute budget includes approach, player observation and the surrounding intimate space, not an eight-minute cutscene.","No time limit, no secret rescue branch and no ability to attack Anja. Interaction retries play abbreviated responses. The first major physical contact has a safe cancel before commitment and a short noninterruptible contact window.","Hold cannot undo damage. The system offers substitution; Anja refuses it for Ivo. Her death later must follow this established condition, not arrive as an unexplained punishment.","Prior machine rhythms thin to one difficult breath and fabric contact. No dialogue explains the apparatus. Silence leaves local room detail, never a complete audio vacuum.",CK-07-03,"RootRecognitionSeen, HandContactSeen and ReplacementRefused commit at separate coherent beats. Anja remains root owner. A suspend during the contact resumes at its nearest authored safe contact state.",Ivo follows a load conduit to an ordinary receiving frame blocking the service exit for other intact bearers.,Testers distinguish removable harnesses from the root. They understand her refusal without captions. Repeated interaction cannot accidentally transfer the root permanently to Ivo.,155,163
SQ-07-04,C07,A rescue that changes the room,7,"[""PZ-23""]","Domestic load bay 40 × 12 × 16 m. Overhead slab x=12–25, receiving frame x=7–18 on rail, service exit at x=28. Paired room interface remains accessible from the fixed side.","[""CHR-IVO"", ""ENV-BURDEN"", ""RIG-DOMESTIC-ROOM"", ""GME-RECEIVING-FRAME"", ""GME-SUPPORT-LOCK"", ""CHR-BEARER-03"", ""CHR-BEARER-04"", ""CHR-ORREN""]",Load obstructs an old mechanical receiving frame and keeps the communal service exit pinched. Three previously unloaded laundry attendants and two local intact bearers wait beyond it. Six queue survivors and Orren are already on separate routes to the hostel.,"A / The unsafe load and a useful ordinary frame occupy the same shot. B / From the paired interface, the player sees the overhead obstruction lift enough for the frame to slide. C / When the frame takes weight, Anja’s distant hand relaxes through a small connecting aperture and the service exit opens.","Guide the linked room slightly upward and Hold it in clearance. Engage the station parking clamp so Ivo can exit with the load supported. Push the receiving frame under its marked seat, set its ratchet, re-enter and lower the room onto it. Release the station restraint and verify the frame remains loaded. Exit and open the freed communal door. The five waiting intact bearers leave along an authored route toward the hostel. This sequence distinguishes temporary station support, ordinary support and human release without adding a new verb.",No exit from an unsupported station. The receiving frame cannot be moved while loaded. Wrong alignment blocks lowering into a safe contact state. Civilian movement starts only when the door and route are valid.,"Ivo can reduce suffering even though he cannot reverse Anja’s conversion. The visible cohort is now twelve: six queue survivors, three laundry attendants, two local bearers and Orren.","Frame engagement removes a layer of root strain. Different shoes and uneven breathing replace a synchronized correction rhythm. Orren is glimpsed helping, not summoned by command.",CK-07-04,"Persist frame support, five release flags and the twelve-member cohort roster. Civilian exit segments are idempotent. The root hand’s reduced-strain presentation reads the same load fact.",A seawall maintenance route opens beside the support. The camera briefly shows survivors entering the familiar hostel above.,All twelve survivor identities are accounted for without an escort grind. No one can be duplicated or stranded by streaming. The player understands that a change in architecture enabled the rescue.,163,170
SQ-08-01,C08,The storm has already passed,6,[],Seawall gallery 72 × 17 × 28 m. Retained basin behind damaged gatework on left/background; low sea visible through openings to the right. Main play lane remains dry and physically connected.,"[""CHR-IVO"", ""ENV-SEAWALL"", ""GME-BASIN-GATES"", ""FX-SEA"", ""FX-RAIN"", ""PRP-FLOOD-MARK""]",Water moves within the retained basin; gates and structural restraints are what remain arrested. Current sea is visibly below the old high-water damage. Rain and runoff explain continuing retained volume.,A / Tight passage preserves the old industrial expectation. B / Ivo walks into a broad opening and the camera reveals the calm low sea without a dramatic cut. C / A reverse-side view puts the retained basin and its damage in relation to that ordinary horizon.,"Traverse the inspection gallery, lift a light grating and open an ordinary viewing shutter. A short hand-operated gate test moves a small indicator float, establishing that the outside sea is not another frozen surface. Optional inspection of old repair outlines supports the same conclusion. Continue along the physical discharge conduit. The important information is spatial and hydraulic; no document is required to explain that the original storm is gone.",No threat interrupts the first horizon view. Exposed edge safety is clearly railed. Background waves cannot trigger player swim states. Avoid an invisible lethal boundary where the player expects to look outward.,"The danger remains real, but its historical justification has changed. The institution preserved an emergency instead of completing repairs and evacuation.","Ordinary sea, distant bird and open air replace constant mechanical pressure. Let the anticlimactic normality be unsettling. No orchestral revelation cue.",CK-08-01,Store SeaRevealed after the viewing threshold. Preserve basin gate restraints and root ownership. The sea’s cosmetic phase is independent of saved hydraulic quantities.,The discharge route is visible descending away from occupied ground. A displaced deflector and blockage explain why it is not already usable.,Players do not describe the water as time-frozen. They understand why simply switching off the root would still be unsafe. Low effects mode retains the level distinction.,170,176
SQ-08-02,C08,Prove a safe way down,7,"[""PZ-24""]","Discharge works 48 × 18 × 20 m. Deflector hinge x=13, receiving stops x=17, debris rack x=27, test valve x=6 on dry gallery. Observation window sees outlet beyond x=39.","[""CHR-IVO"", ""ENV-SEAWALL"", ""GME-DEFLECTOR"", ""GME-DEBRIS-RACK"", ""GME-TEST-VALVE"", ""GME-WATER-VOLUME"", ""FX-WATER-FLOW""]","Deflector displaced; receiving stops accessible. Rack obstructs the intended channel. Test flow is physically limited to a small bypass, so a wrong setup is observable without killing people.","A / Show the intended downhill path and the bad spill path near the refuge. B / Camera holds a stable wide composition while the deflector seats. C / At the test window, water visibly follows the corrected outlet away from the occupied hostel.","Take the deflector restraint, lower it to its receiving stops and seat the one-hand pin. Push the debris rack along a service rail to clear the channel. Return by an upper dry path to the test valve and open the limited bypass. If the rack or deflector is wrong, water strikes a visible safe catch basin and the indicator stays below the pass notch. Close the valve, correct the physical setup and test again. Correct flow trips a mechanical proof latch. Full discharge remains impossible until the refuge is moved; the test is a demonstration, not an arbitrary switch puzzle.",Test water never reaches civilians or traps Ivo on the return path. The valve can always be closed from the safe gallery. Decorative debris does not secretly block the certified channel.,The player earns confidence in release by observing its physical route. This is the final answer to the garden lesson about giving water somewhere to go.,"Start with trickle and deflector contact, then outlet rush. The proof latch is a dry sound amid water. Music does not falsely signal success before flow reaches the correct outlet.",CK-08-02,"DischargeProved commits only when deflector pin, rack clearance and test outlet agree. Save hydraulic test phase or safe closed state; never a certified fact with an obstructed channel.",A walkway leads beneath the hostel to the relocation foundations and the failed static crossing.,Players predict the safe outlet before the test. An unsafe configuration is reversible and clearly different. Regression changes to basin geometry must invalidate and retest the proof latch.,176,183
SQ-08-03,C08,The refuge cannot remain here,7,"[""PZ-25""]","Hostel foundation yard 66 × 18 × 24 m. Three receiving pads on an authored maintenance spine, temporary supports between them; root-return culvert below far abutment; hostel visible only in partial facades.","[""CHR-IVO"", ""ENV-SEAWALL"", ""RIG-WARD"", ""GME-RECEIVING-PAD"", ""GME-RELOCATION-PIN"", ""GME-SUPPORT-LOCK"", ""CHR-SURVIVORS""]",The fixed pedestrian crossing is visibly broken. Relocation shoes exist beneath the hostel. Receiving pads have two displaced locking blocks and one trapped old restraint. All survivors are inside or entering the hostel.,"A / Frame the broken fixed crossing and inhabited windows together. B / Low traversal shows a relocation shoe shaped like the small carrier’s support, but no full-body reveal. C / A high window shows Orren helping a queue survivor while the pale curtain moves outside.","Traverse the dry maintenance spine, move the two light receiving blocks to their rail stops and engage their locks. Take a trapped old restraint, release its unloaded pin, and let the local support settle onto a prepared stop. Open the return culvert’s far grille from the accessible service side; it will be reachable from the hostel after arrival. The player inspects a route for a structure, not a set of collectible keys. Each prepared pad visibly changes from rocking to seated. The pads will later make the Ward’s footing legible.","Do not allow entry into an occupied relocation machine before receiving supports are prepared. This is enforced by physical service interlocks and an unavailable open-cradle release, not an unexplained objective wall. No civilians are endangered during preparation.",The refuge’s original relocation hardware was held in incomplete preparation. The player is finishing an abandoned engineering action rather than granting a random power to a building.,"Exterior wind, occupied-room foley above and low shoe hydraulics. The scene is quieter than a chase; concentration and anticipation carry tension.",CK-08-03,"Save each pad lock and CulvertOpened. All preparations must remain visible in the finale. CohortReady validates twelve distinct slots, not twelve spawned clones.",The safe maintenance spine leads into the hostel’s open service cradle. The large route remains partly hidden by the building.,A tester can point to the receiving route and explain why the building must move. The culvert’s geography makes the later return to Anja plausible. All required preparation is reachable before commitment.,183,190
SQ-08-04,C08,An open place to stand,5,"[""PZ-26""]","Hostel service cradle 20 × 8 × 12 m. Open hand-and-foot interface x=8, parking clamps visible under floor, release handle within left-hand reach. Window frames the first receiving pad.","[""CHR-IVO"", ""RIG-WARD"", ""GME-PAIRED-STATION"", ""GME-SUPPORT-LOCK"", ""ENV-WARD-INTERIOR"", ""PRP-PALE-CURTAIN""]","Cradle is an open maintenance interface, not Anja’s sealed root collar. Parking clamps sustain the building. All route-preparation facts true before enter prompt becomes eligible.","A / Human-scale composition echoes the quarry carrier. B / Ivo checks the release handle; it moves freely while parking clamps are loaded. C / The camera stays inside the service room as he steps onto the foot plate, concealing full scale.","Inspect the release handle and local support diagram embodied by actual mechanical linkages. Engage the station with Interact. First, use Hold and Interact together through the established transfer gesture to take the balance from parking clamps; release the clamp lever only after the station owns the assembly. This is a one-time station-enter transaction, not a sustained two-button dexterity test; toggle mode performs the same contextual sequence. Small local posture changes establish control. The next chapter begins without a cut, but the player may pause or quit safely here.",No surprise permanent conversion. The open release hardware and the blocked-under-load rule are clearly visible. A failed preparation check offers a specific blocked handle response and a route back.,Ivo knowingly takes temporary responsibility. He is neither tricked into a secret skill nor destined by blood to operate the station.,"Foot plate, palm contact, clamp transfer and a small breath. Keep the building’s larger creak in reserve for the First Step. Interior crockery remains quiet.",CK-08-04,"Checkpoint immediately before ownership transfer and a supported station state afterward. Save station binding, parking clamps, route proof, pads and cohort together.","The same room continues into SQ-09-01. No chapter banner, control tutorial modal or menu replaces the moment.",Input remapping and toggle settings can complete the transfer. Quit/resume cannot close a permanent collar. The player knows how to release the station once mechanically supported.,190,195
SQ-09-01,C09,Taking the balance,3,"[""PZ-26""]","Same cradle and hostel asset as chapter eight. Initial Ward route q=0, posture neutral, all four shoes supported. Only the near shoe and interior cross-brace visible.","[""CHR-IVO"", ""RIG-WARD"", ""GME-PAIRED-STATION"", ""ENV-WARD-INTERIOR"", ""CHR-SURVIVORS""]",Station owns the relocation assembly; parking clamp opens only after the accepted transfer. Survivors are in assigned interior bays with secured ordinary grips.,A / Tight side view links Ivo’s foot to the near support shoe. B / A small directional request shifts an interior brace; residents steady themselves at the edge of frame. C / Camera remains human-scale until forward intent passes the first step threshold.,Test a small left/right lean and use Hold to arrest the local response. Lower and raise within a safe 0.2 m range if desired. Forward input begins a normal assisted step; no new control instructions are required. Neutral settles within the initial supported envelope. The player is free to observe for longer than the planned time. The major reveal waits for actual movement intent rather than a clock.,The rehearsal zone is nonlethal and cannot strand the building. No prolonged controller lock. Survivors react cosmetically but never fall because the player explores the input range.,The player recognizes the paired interface yet still perceives it as a large maintenance assembly. The discovery belongs to their attempted movement.,Close breath and foot contact; a larger low-frequency structural response enters only as the shoe begins lifting. Do not cue a heroic transformation melody.,CK-09-01,Station checkpoint preserves binding and active support graph. Restoring before the reveal does not mark it as seen. Menu cancellation cannot issue forward intent.,The first deliberate forward step crosses the camera-reveal threshold and continues directly into SQ-09-02.,Players who learned the carrier require no new buttons. Idling is safe. A fast input sequence cannot skip the shoe lift and reveal setup.,195,198
SQ-09-02,C09,The First Step,3,[],"Ward dimensions start at 24 m facade length, 12.6 m height and 6 m depth. Four articulated relocation shoes with 2.4 m bounded stroke. Reveal camera spans approximately 42 m; no organic appendages.","[""CHR-IVO"", ""RIG-WARD"", ""ENV-WARD-INTERIOR"", ""CHR-SURVIVORS"", ""PRP-CUP"", ""PRP-CUPBOARD"", ""PRP-PALE-CURTAIN"", ""FX-WARD-DUST""]","One assisted step has been requested. Ivo remains in the open cradle. The twelve-person cohort occupies stable interior cells. Scene geometry, rather than a mesh swap, is already the eventual moving building.","A / Foundation shoe lifts below the familiar room. B / Camera pulls back over approximately 8–12 seconds while movement remains responsive; a cup slides, somebody catches a rail, and the porch changes angle. C / Two uneven chimneys and pale curtain identify the hostel as the whole structure takes the step.","Continue forward or Hold to stop the step mid-phase. The camera reveal is tied to committed gait progress and a safe minimum reveal window, not to confiscating input. A player who pauses or arrests the machine sees a coherent arrested pose; the camera may finish a short readable reframe but not simulate a step they did not request. After the first shoe seats, forward input advances to the narrow-support staging point. The route is guided, but the posture and braking are under player control.",No lethal decision during the reveal. The first receiving support is deliberately generous. Failure after this sequence must not replay the full pullback unless the user restarts from before its checkpoint.,"Architecture has become Ivo’s external body. The immediate emotional question is not how much he can destroy, but whether the people inside will remain safe.","Enormous strain followed by a small domestic break. Individual hands, shoes and dishes make scale personal. No roar, bombastic theme or generalized flesh sound.",CK-09-02,FirstStepSeen commits after the first supported landing and completed readable reveal. Cosmetic cup break becomes a persistent interior state; it cannot repeatedly crash on every reload.,The camera now follows the full building toward the prepared support spine. Interior occupants remain selectively visible through service openings.,Fresh viewers identify the building before an external label. At least four of five express concern for occupants rather than treating it as an empty vehicle. Any comedy-walking response triggers art/gait revision.,198,201
SQ-09-03,C09,Carry the rooms across,5,"[""PZ-27""]",Narrow support segment: 16 m authored maintenance spine with 2.4 m step stations; pad heights differ by up to 0.6 m. Front pair reaches a 4 m pier before rear pair leaves the old bank. No foot traverses an impossible unsupported gap.,"[""RIG-WARD"", ""GME-RECEIVING-PAD"", ""GME-SUPPORT-LOCK"", ""CHR-SURVIVORS"", ""ENV-SEAWALL"", ""FX-WARD-DUST""]",Building upright; front support alignment is high relative to rear. A visible plumb indicator and shoe contact marks show the mismatch. Pads match preparations from PZ-25.,"A / Keep front shoe, narrow pier and at least one occupied room in the frame. B / On excessive pitch, a resident catches a bedpost and the plumb indicator approaches its limit. C / When posture lowers and the shoe seats, the same resident relaxes before the next step.","Advance until the front pair meets the narrow pier. Hold before committing the rear pair. Lower posture to bring the effective balance and receiving marks into the permitted envelope. Interact seats the front support lock; release Hold and request the next assisted step. Rear shoes advance in authored order. The player is choosing support, posture and commitment, not individually placing four feet. Attempting forward while misaligned produces a visible blocked-drive state and creak; a deliberate continued overdrive can trigger a short protected failure only after a broad warning.",Default misalignment is recoverable. A severe committed failure resets to the last stable support without graphic civilian deaths. Holding offers unlimited thinking time; the puzzle still needs correct posture and support engagement.,"Ivo’s new scale increases obligation, not aggression. The earlier receiving-cradle logic now supports inhabited space.","Footing contact, wood under strain, one whispered nonverbal gasp and uneven clothing movement. Successful support removes tension layers rather than adding a victory chord.",CK-09-03,"Commit stable support snapshots only at verified shoe contacts. Save route q, gait phase, posture, support mask, locks and each survivor bay binding. Interior props reset outside traversal hazards.",The building reaches a wide supported stance before the hanging tram girder. This is a safe observation and checkpoint area.,Outcome is repeatable at 30/60/120 fps. A novice can recover from initial misalignment. The player never needs to solve by memorizing invisible foot order.,201,206
SQ-09-04,C09,A building crouches,5,"[""PZ-28""]","Girder segment 14 m. Girder underside clearance 10.6 m; Ward upright height 12.6 m, lowered posture 9.8 m. Safe supported stance before and after. Clearance evaluated against simplified authoritative hulls.","[""RIG-WARD"", ""GME-GIRDER"", ""GME-SUPPORT-LOCK"", ""ENV-SEAWALL"", ""CHR-SURVIVORS"", ""FX-CABLE""]",Girder visibly blocks the upper floor. It cannot be destroyed safely. A sheltered low posture is available through previously learned vertical input.,A / Frame obstruction and building roofline with unambiguous overlap. B / Lowering makes the hostel adopt the same compressed posture Ivo used under earlier obstacles; people brace independently inside. C / The pale curtain brushes close to the girder while the authoritative collision hull still has margin.,"Hold on the supported approach, lower the structure and wait for its posture stop. Release Hold and advance under the girder; the assisted gait remains inside the safe lowered envelope. After the roof clears the far contact plane, brace, raise and engage the far receiving support. Pushing upright into the girder causes visible resistance and a blocked drive rather than silently shattering the inhabited floor. The player must recognize the shared posture language, not discover a new “duck building” button.","Roof contact is recoverable while both support pairs are safe. Decorative curtain/loose trim may brush without an invisible lethal collision. A committed unsafe lift under the girder gives a clear warning and local reset, not a long falling-house movie.",A place of shelter behaves like a vulnerable body. Power remains constrained by care for occupants and recognizable architecture.,"Compressed joints, cloth, dishes prevented from sliding by a resident’s hand. The most intense sound can be a small object almost falling, not an explosion.",CK-09-04,Safe checkpoint before lowering and after far support. Store posture and clearance phase. Restoring a lowered state cannot spawn an upright collider through the girder.,Inland receiving abutments and an exit porch come into view. Occupants can see stable ground but still cannot safely disembark.,The girder problem is understood visually from the approach. Camera motion reduction does not crop the roof. Collision and art margins remain valid after mesh revisions.,206,211
SQ-09-05,C09,The house kneels,4,"[""PZ-29""]",Inland abutment 30 × 15 × 22 m. Ward arrival sockets align with four shoes; porch ramp reaches ground only below 0.8 m threshold. Exit route clear to screen right. Return culvert under near abutment was opened in C08.,"[""RIG-WARD"", ""GME-RECEIVING-PAD"", ""GME-PORCH"", ""CHR-SURVIVORS"", ""CHR-ORREN"", ""ENV-INLAND""]",Ward is stable but elevated. Permanent locks open. All twelve survivor slots remain in their known interior bays. Ivo still owns the station process.,"A / Show the inaccessible drop from porch to ground. B / As the house lowers, porch becomes a ramp and each floor changes from strained movement to stillness. C / Occupants leave at different times; Orren helps another person, not in response to a player command.","Lower the Ward onto the prepared abutments. Hold when receiving marks align, engage permanent locks with Interact and release to verify they carry the structure. The porch ramp unfolds through a visible linkage. Survivors then choose their authored safe routes out; Ivo is not required to click individuals. The player maintains the stable posture until the final visible crossing. With weight on mechanical supports, the cradle release becomes available. Exit as Ivo, not as a detached camera.","Evacuation begins only after stable support and route checks. Small prop obstructions are disabled or cleared before NPC traversal. A stuck NPC watchdog moves them to a nearby valid continuation out of sight, never kills them or increments the count invisibly.",The building can now stand without a person. Independent departure reverses the exchange’s enforced compensation.,Uneven footsteps gradually replace linked strain. Orren’s bent shoe has a recognizable scrape. The low tone disappears only after the last active support is relieved.,CK-09-05,"Persist WardSupported, twelve unique SurvivorSafe flags, CradleReleased and root-return access. The final gate needs Orren in the correct route segment, not a newly spawned duplicate.",Ivo descends into the short pre-established root-return culvert beneath the landing. The hostel stays supported in the background.,"All twelve are visibly accounted for across framing, not necessarily simultaneously. Full-state reload preserves an empty safe hostel and Ivo outside the station. No remaining personal burden is silently discarded.",211,215
SQ-09-06,C09,The last hand,4,"[""PZ-30""]","Root return 44 m culvert plus 12 m contact chamber. Same root entity as C07, approached from its seaward service side. Governor fitting within 1.0 m of Anja’s hand; escape stair visible behind Ivo.","[""CHR-IVO"", ""CHR-ANJA"", ""CHR-ROOT"", ""RIG-ROOT"", ""GME-ROOT-GOVERNOR"", ""ENV-BURDEN"", ""PRP-ANJA-CUFF""]","DischargeProved, WardSupported and CohortEvacuated all true. Anja remains root owner. The remaining process is an unloaded sequencing governor, not the entire weight of water.","A / Ordinary boy scale and close footfall return after the large exterior. B / At the hand, camera echoes the opening contact distance; two taps are readable without facial close-up. C / Anja opens her fingers while Ivo takes the governor; leave a quiet composition for deliberate release.","Traverse the established culvert, operate the visible service isolation handle and Interact with Anja’s hand. The final handover validates prepared supports and transfers the governor to Ivo atomically. Hold sustains it while he chooses the moment to let go. There is no countdown. The scene enters an armed final-release state only after a fresh intentional gameplay press, separated from any pause/device event. Toggle mode uses a clearly indicated second intentional action after arming. No secret morality score or alternate rescue ending.","This contact is nonlethal. Unplugging a controller, losing focus, quitting or opening a menu cannot count as release. Rejected readiness checks report an explicit development assertion; shipping progression should make them impossible.","Anja cannot be restored, but her suffering need not be inherited. The same gesture means reassurance, recognition and permission to stop.","Two close taps, cuff fabric and a tired breath. No lyrical song or voice explains the ending. Let the player wait in a believable room.",CK-09-06,"RootReady, PlayerHasGovernor and FinalReleaseArmed are separate states. Suspend preserves the root safely; resume requires new deliberate intent. RootReleased is an idempotent irreversible event.","On confirmed release, the discharge sequence begins along the prepared channel and the root relaxes.",Test every menu/input/disconnect edge around handover. Exactly one release event can fire. Players understand why they are letting go and why this does not destroy the refuge.,215,219
SQ-09-07,C09,Let the emergency finish,3,"[""PZ-31""]","Root escape 60 × 14 × 15 m. Prepared outlet visible through two windows; three familiar traversal obstacles: short gap, lowering stair, duck-under beam. All are within ordinary motor metrics.","[""CHR-IVO"", ""CHR-ROOT"", ""GME-BASIN-GATES"", ""GME-ESCAPE-STAIR"", ""ENV-SEAWALL"", ""FX-DISCHARGE"", ""FX-SETTLE""]",RootReleased true. Water begins its authored channel transfer. The root no longer sustains the local fittings. Escape route’s independent mechanical supports are already present.,"A / Anja’s fingers relax, then the camera follows Ivo rather than lingering on death. B / Two openings show water following the tested path and the supported hostel staying still. C / Local structure settles behind him as the camera leads to each known landing.","Release triggers gates in a verified sequence. Move toward the escape stair, jump a routine 1.6 m gap, wait or step onto the lowering stair at its mechanical stop, and crouch under the beam. The brace has no active network on these fittings; a failed attempt gives a dead-contact response, not an arbitrary power-removal cutscene. Ordinary movement suffices. The sequence is urgent but short enough not to replace the goodbye with a prolonged action finale.","No unfamiliar hazard language. A failure restores a post-release local checkpoint, never forces another goodbye or reverses Anja’s death. Structural collapse uses authored states; cinematic debris cannot create random blockers.",Release is safe because the player changed the world. The supported hostel is visual proof that care did not require permanent restraint.,"Water movement, structural settling and Ivo’s effort. Root strain falls away instead of climaxing into a monster cry. Keep loudness within the established mix headroom.",CK-09-07,"Use a post-release immutable story ledger plus local escape snapshots. On reload, root remains released and survivors remain safe. Gate/hydraulic phases reconstruct as a coherent authored state.",Ivo reaches a dead exit fitting and an ordinary gate. Orren is already on the safe side through his independent route.,The escape is solvable on first sight. A retry costs under 30 seconds and does not replay the emotional contact. The water effect agrees with the proved channel.,219,222
SQ-09-08,C09,Long enough to pass,3,[],"Exit gate 12 × 5 × 8 m, then inland path 52 × 10 × 24 m. Gate contact at x=4; Orren on opposite side; final offered-hand marker on broad level ground before the horizon.","[""CHR-IVO"", ""CHR-ORREN"", ""CHR-SURVIVORS"", ""GME-ORDINARY-GATE"", ""ENV-INLAND"", ""FX-SEA""]",Powered fitting is dead. Orren’s final route segment is available; survivors are moving independently inland. No threat remains and no final secret puzzle is hidden.,A / Ivo reaches for the familiar fitting and gets no response. B / Orren pushes the gate by hand and holds it while Ivo crosses. C / Wide human-scale path; Ivo’s curled hand gradually opens to another survivor’s offered hand. Last steps remain playable before fade.,"Approach the gate and attempt the natural contact or continue into Orren’s view. He opens it through an ordinary hinged interaction and waits until Ivo passes. Walk inland. At the offered hand, Interact accepts; continuing directional input also completes a gentle authored reach once Ivo is aligned, avoiding a confusing final prompt hunt. The fade begins only after a short shared walk. A player who stops can remain safely in the scene. Credits begin after the emotional image has settled.","No surprise attack, jump scare, alternate-ending collectible or cruel final death. Orren does not close the gate on Ivo. End-of-game menu input cannot skip the hand accidentally.","Voluntary help is temporary and human. The last relationship is not synchronized control. The outcome is grief with relief, not a perfect rescue of history.","Orren’s shoe scrape, ordinary gate hinge, wind and footsteps with independent timing. No triumphant anthem; a thin tonal resolution may begin only after darkness.",CK-09-08,"CampaignComplete records after final walk, with chapter replay states separate from continue save. Reload before completion returns to the safe inland path; after completion menu offers credits/replay without overwriting the ending ledger.","Darkness, then credits and a restrained return to menu. No sequel hook contradicts the emotional resolution.",The ending still communicates when sound is muted. Every survivor offered-hand variant aligns at Ivo’s height. Credits and completion state survive immediate application closure.,222,225
