group,allocation,coverage,unit,status
Ivo locomotion,30,"Idle, walk/run, starts/stops, turns, jump/fall/land, crouch/crawl.",Clips / poses,Not started
Ivo traversal and grip,24,"Ladder, ledge catch/climb/drop, push/pull, lever, short slide and balance.",Clips / poses,Not started
Ivo Hold and station,22,"Acquire/maintain/release, transfer, range strain, four stages, connect/withdraw.",Clips / poses,Not started
Ivo narrative and failure,14,"Two-tap variants, wrist echo, sleeve snag, open hand, short capture/fall/crush outcomes.",Clips / poses,Not started
Anja,12,"Repair, follow/wait, landing brace, transport, recognition, refusal, final hand.",Clips / poses,Not started
Custodian shared set,22,"Patrol/inspect/search/chase, reach/capture, harness held/recovery, blocked heave.",Clips / poses,Not started
Porter,10,"Cycle poses/transitions, reach, secure, retract, held/resume and facial micro-motion.",Clips / poses,Not started
Bearers and survivors,20,"Six braced pose families, relief, stand, careful movement, waiting/helping.",Clips / poses,Not started
Orren/paired finale,8,"Distinct relief/recovery, helping, gate hold and final paired walk.",Clips / poses,Not started
